,word,feature 1,feature 2,feature 3,feature 4,feature 5,feature 6,d,difficultyLevel
0,manly,0.247514384,-0.199322182,0.005537631,-0.388646868,-0.404688128,-0.069553055,2.88,2
1,molar,0.180054491,-0.397712792,-0.364765188,-0.269219842,-0.114842073,0.022128023,2.68,1
2,havoc,0.137340367,0.222359071,-0.147344421,-0.399578709,-0.182152329,0.177109792,2.88,2
3,impel,0.070065249,-0.125541322,-0.424341958,-0.297163249,0.079895064,0.261410167,2.68,1
4,condo,0.170583593,-0.270962714,0.42880835,-0.573045716,0.073784406,-0.119175454,2.92,2
5,judge,0.650528496,0.77449967,0.516957054,-0.597259603,-0.464018271,0.2523187,3.85,3
6,extra,-0.021197604,0.395121784,-0.574228005,-0.275260268,0.100743948,0.230051197,2.69,1
7,poise,-0.309688177,-0.142307774,-0.582280707,-0.191912192,-0.136101111,-0.200624248,2.12,0
8,aorta,0.147609063,-0.542498282,-0.26245541,-0.315755113,0.320473685,-0.230299101,2.51,1
9,excel,0.233904506,0.802558771,-0.214756952,-0.482974176,0.228847612,-0.066591029,3.07,2
10,lunar,-0.459840154,-0.282341366,0.007464553,-0.404296224,-0.090159224,0.022599734,2.33,0
11,third,-0.935752341,-0.455093366,0.242280038,-0.469342819,-0.160456589,-0.015369802,1.89,0
12,slate,-0.70577434,-0.203460176,-0.372863244,-0.240642553,0.093398285,-0.076293694,1.95,0
13,taper,0.086785296,-0.146300734,-0.551695796,-0.183389796,-0.064764715,-0.007832586,2.5,1
14,chord,-0.561445799,-0.448859976,0.056342691,-0.397948279,-0.242342845,-0.059876827,2.12,0
15,probe,0.199279621,-0.081840981,-0.53072269,-0.202380665,-0.108811595,0.063754761,2.65,1
16,rival,-0.300410712,0.080614725,-0.103252483,-0.36869796,-0.106686742,0.113497939,2.47,1
17,usual,-0.173271972,0.249824158,0.070430146,-0.518529558,0.467551352,0.048325715,2.72,1
18,spoke,-0.262478682,0.21937977,-0.592612197,-0.238986641,-0.054497275,-0.065227557,2.35,0
19,apply,-0.367374112,0.021066239,0.337569852,-0.562335402,0.097058417,-0.148381953,2.46,1
20,naive,0.111072555,0.140730765,-0.715698119,-0.15591741,-0.117656334,-0.010171771,2.57,1
21,knock,-0.052091571,-0.309600248,0.280637965,-0.532582213,0.226474658,0.056976928,2.7,1
22,braid,-0.330099533,-0.387461547,-0.454033889,-0.213857479,-0.260988306,-0.19414063,2.14,0
23,infer,0.071905725,0.203843266,-0.175889666,-0.34593659,0.074766909,0.336023433,2.9,2
24,joust,0.120994412,0.063485841,-0.635456718,-0.159992617,-0.410562447,-0.205693932,2.47,1
25,amber,0.117865329,0.163133448,-0.529454497,-0.214688853,0.052449727,0.1694217,2.7,1
26,woken,0.748995925,0.205340496,-0.352985877,-0.261820354,-0.296456604,0.076287661,3.33,3
27,adore,-0.731006657,-0.098796266,-0.262149681,-0.280529552,0.202856302,0.132802875,2,0
28,torso,-0.361899632,-0.291288567,0.109411793,-0.449148613,0.321744285,-0.204081406,2.34,0
29,chafe,0.003900504,0.230783252,-0.611329829,-0.18136182,-0.255489098,-0.098978282,2.46,1
30,eject,0.2868577,0.734633372,-0.357024011,-0.403527182,0.360728837,0.03128054,3.05,2
31,study,-0.418823941,0.145033173,0.233191262,-0.438020941,-0.195712756,0.093359464,2.46,1
32,undue,0.198616588,-0.138995478,-0.083985551,-0.399538997,0.384982024,0.099119459,2.82,2
33,tepid,-0.37977588,-0.335130405,-0.528984365,-0.187172975,-0.124060929,-0.084145727,2.09,0
34,happy,-0.379012731,-0.028113855,0.393498331,-0.53664913,-0.118629121,-0.309794198,2.42,1
35,clean,-0.41042086,-0.47908274,-0.668301958,-0.12105118,-0.152624191,-0.060769815,1.92,0
36,itchy,-0.08379851,-0.854248058,-0.254113562,-0.220042486,-0.043508913,0.178736794,2.34,0
37,feast,-0.214410926,0.177551135,-0.688522657,-0.101996402,-0.075703221,-0.105684165,2.26,0
38,drive,-0.663034132,0.363672512,-0.048622286,-0.358687773,-0.177616136,0.021210307,2.19,0
39,prime,-0.173721757,-0.085435256,-0.311788913,-0.223603386,-0.160119422,-0.008849503,2.41,1
40,axiom,0.212735189,0.144266473,-0.460918679,-0.21470808,0.00873236,0.276531366,2.81,2
41,brave,0.291930807,0.518587523,-0.374500905,-0.226759243,-0.228241879,0.029454153,2.96,2
42,avert,-0.318881253,0.418581429,-0.325993062,-0.289508698,0.120826895,0.221137981,2.5,1
43,glyph,0.078995578,-0.927419263,-0.117380795,-0.261851894,-0.081115456,0.228803926,2.53,1
44,there,-0.253935344,-0.165575168,-0.731898194,-0.163806994,0.261208524,-0.409463611,2.05,0
45,baker,0.432670913,0.506031786,-0.053543504,-0.30249392,-0.248774881,0.071978348,3.24,3
46,snarl,0.178936053,-0.147224456,-0.293238523,-0.216623924,0.208115862,0.277934698,2.82,2
47,maple,-0.378722682,0.318648421,-0.048963945,-0.335692151,-0.147022408,-0.015527716,2.49,1
48,inane,0.185174829,-0.245014807,-0.412732448,-0.222725469,0.436327504,-0.08032402,2.6,1
49,valet,0.034937818,0.277517545,-0.397084811,-0.220891912,-0.255919201,-0.111865165,2.66,1
50,medal,-0.347166709,0.302681773,-0.042226499,-0.349201533,0.001336602,0.121241533,2.54,1
51,unite,-0.623433985,-0.078659065,0.019415312,-0.331082208,0.045366684,0.161765467,2.22,0
52,rainy,-0.702896363,-0.298947224,-0.064084239,-0.266117949,-0.289694533,-0.224286418,1.91,0
53,spell,-0.162516162,0.245973939,-0.092564372,-0.38659168,0.393822553,-0.090749591,2.62,1
54,begin,-0.417792227,0.288151689,0.158180668,-0.392373486,-0.242933618,0.025925397,2.51,1
55,stale,-0.614424482,-0.157474932,-0.327273908,-0.17916519,0.188092195,0.029429125,2,0
56,dream,-0.900371059,0.248091603,-0.123438715,-0.289651014,0.066225784,0.072108672,2.02,0
57,photo,-0.580315819,-0.23873034,0.378473106,-0.501096979,0.123465367,-0.245052114,2.25,0
58,aloud,-0.772661464,-0.187873298,0.00697671,-0.296986368,0.012071046,0.088689582,2.02,0
59,inept,-0.244018626,-0.181120405,-0.338241501,-0.214178489,0.143956346,0.246803948,2.36,0
60,piney,0.531999754,-0.15331828,-0.222152612,-0.202990361,-0.474166098,-0.192285472,2.97,2
61,aptly,-0.065983463,-0.267327271,-0.147318417,-0.24914255,-0.116833858,0.082776797,2.53,1
62,waltz,0.638418764,0.095305278,-0.346459892,-0.197341153,-0.24536132,0.153391807,3.21,3
63,libel,0.43206396,-0.076459717,-0.137447101,-0.305236071,0.187927853,-0.107942983,3,2
64,sneak,-0.4691707,0.455205907,-0.208302454,-0.285310659,0.148511462,0.132908842,2.43,1
65,carry,-0.10446425,0.138189844,0.507677841,-0.492822371,-0.112360084,-0.358966145,2.73,1
66,flout,0.031700996,-0.623376326,-0.282291329,-0.155623693,-0.160984402,0.056758101,2.44,1
67,foggy,0.498747467,-0.392054565,0.352511104,-0.403405331,-0.300035832,-0.322408438,3.03,2
68,fault,-0.086227563,-0.168674817,-0.182886814,-0.20536458,-0.312423093,-0.075387906,2.47,1
69,mummy,1.337591552,-0.588721508,1.00091283,-0.653640526,0.238801491,-0.267456759,4.03,3
70,spiel,-0.092316741,-0.127377766,-0.661107942,-0.073031808,0.023088958,-0.038144449,2.32,0
71,grove,0.101063339,0.503488401,-0.064012833,-0.290372925,-0.171120925,0.143101875,2.95,2
72,denim,-0.299949548,-0.087405589,-0.187945083,-0.238863002,-0.083404789,0.052524888,2.41,1
73,quirk,0.103565608,-0.231024028,-0.023214819,-0.241179808,-0.439219026,-0.056480035,2.65,1
74,exist,-0.427129823,0.752367073,-0.148663975,-0.314931658,0.055347686,0.176567352,2.57,1
75,stein,-0.289607994,-0.323905674,-0.669308681,-0.04354539,0.184132911,0.042074245,2.12,0
76,spade,-0.289057011,0.147377161,-0.524511489,-0.125125013,0.100167481,0.011520067,2.33,0
77,catch,0.452336262,0.259352198,0.579046651,-0.447853917,0.067503076,0.093693637,3.37,3
78,floor,0.161569418,-0.549140185,-0.229296542,-0.231362313,0.177714396,-0.244691816,2.56,1
79,equal,0.014112161,0.494842555,-0.561403701,-0.142684171,0.044954072,0.200188966,2.65,1
80,ionic,0.808553144,-0.498177668,0.151801363,-0.30250641,0.308973656,0.128374389,3.36,3
81,valid,-0.309115546,0.172437936,0.106360953,-0.310019893,-0.292223927,-0.017588239,2.5,1
82,enjoy,0.078985747,0.733467695,0.194302628,-0.383888372,-0.112151631,0.297933915,3.16,2
83,howdy,0.614666826,-0.480926002,0.028504665,-0.204772401,-0.403624702,0.068737481,3.1,2
84,vigor,0.181209272,-0.062897909,0.107074669,-0.290583204,-0.123346947,0.225551143,2.97,2
85,dandy,0.878618668,-0.154597817,0.241389858,-0.329424278,-0.058377858,-0.136823391,3.47,3
86,sloth,-0.334478985,-0.372008263,-0.655368572,-0.033985248,-0.051951442,-0.08454882,2.07,0
87,marxh,-0.042327407,-0.085840234,-0.635859797,-0.045160995,-0.238885268,-0.038796019,2.32,0
88,bough,0.351405252,-0.529113261,0.108378747,-0.218506232,-0.362543862,0.059111458,2.9,2
89,sting,-0.426442829,0.030679623,-0.106199758,-0.211586966,0.027199809,0.187263964,2.28,0
90,twine,-0.105660455,-0.094880751,-0.46736563,-0.102848717,-0.109741394,0.019395,2.4,1
91,leave,-0.037914738,0.694468854,-0.033531098,-0.35380161,0.281427153,-0.173893645,2.9,2
92,scorn,-0.191146583,-0.223179328,-0.451987152,-0.091655749,0.098833924,0.126778109,2.32,0
93,scald,0.190199375,-0.035732446,-0.527635078,-0.06696893,0.01596189,0.083893372,2.67,1
94,usurp,0.14158106,-0.120210348,-0.310995532,-0.216642707,0.448926735,0.047492956,2.72,1
95,soggy,0.301892209,0.124062621,-0.072834154,-0.265060612,-0.140412855,-0.411804238,2.83,2
96,brisk,-0.132471681,0.140096194,-0.190041472,-0.188153626,-0.158982114,0.019688041,2.6,1
97,admit,-0.534321622,0.032997965,0.241725609,-0.31611905,0.080642285,0.288078515,2.44,1
98,grate,-0.286359582,0.022088906,-0.394804064,-0.069185071,-0.086458632,-0.063593232,2.25,0
99,glory,-0.46252987,-0.284486662,0.298298562,-0.301727608,-0.2564215,-0.046897357,2.36,0
100,saint,-0.709932207,-0.04395898,0.010168293,-0.208591532,-0.059162944,-0.093035852,2.06,0
101,recap,-0.007905544,-0.048668183,-0.65242456,-0.024659993,0.122647311,0.107264877,2.45,1
102,alike,0.061698009,0.154178299,-0.283671172,-0.130907697,-0.012231348,0.095516833,2.74,1
103,trice,0.453399782,-0.145784709,-0.262396721,-0.068504477,0.003992289,0.241149476,2.92,2
104,stick,-0.776119695,0.190759948,0.001368482,-0.256116339,-0.026383616,0.098958219,2.14,0
105,chute,-0.521378959,-0.135618874,-0.246950957,-0.136173504,-0.29275048,-0.182692343,2.07,0
106,parer,1.768134198,0.314026087,0.290074026,-0.338741685,0.19841944,0.109395844,4.69,3
107,doubt,-0.742619562,-0.345252854,0.373599861,-0.301610649,-0.181636109,0.045693221,2.15,0
108,thyme,-0.331758855,0.067084008,-0.066528604,-0.211808107,-0.089261426,0.120765421,2.49,1
109,alpha,-0.068874848,0.216322968,0.009561449,-0.309324216,0.404458523,-0.010257511,2.73,1
110,booze,0.652337745,0.576610642,0.084755719,-0.320314583,-0.115436102,-0.284971708,3.38,3
111,tibia,0.463061194,-0.301750305,-0.172643532,-0.189608342,0.244405083,-0.107726766,2.93,2
112,lofty,0.126260049,-0.269820858,0.254549591,-0.229724235,-0.304932548,0.064151279,2.83,2
113,theme,-0.555135721,0.469337288,0.008756418,-0.315723745,0.208423468,-0.308185693,2.32,0
114,class,-0.045792751,0.505676728,0.348920689,-0.358945817,0.164760555,-0.261172466,2.85,2
115,leery,0.31204444,0.055353799,-0.24383908,-0.167436261,0.219223444,-0.281907907,2.85,2
116,taunt,0.666308812,-0.361773644,0.038862159,-0.171940383,0.185851858,-0.043962803,3.08,2
117,whoop,0.345805063,-0.412449263,-0.183696452,-0.180946116,0.16319457,-0.139319826,2.74,1
118,inter,0.017009964,-0.435871829,-0.391431209,-0.034730693,0.178448762,0.198959623,2.55,1
119,gully,0.771707965,-0.476470061,0.602406489,-0.35477116,-0.113511398,-0.149843391,3.42,3
120,charm,-0.44692091,-0.159697168,-0.180577179,-0.106278701,-0.137232611,0.004669134,2.15,0
121,fungi,0.310291067,-0.667730814,-0.036563292,-0.11089087,-0.312557198,0.021922065,2.77,2
122,prize,0.552978083,0.434978626,-0.116599079,-0.138553077,-0.228210755,0.154321199,3.35,3
123,onset,-0.383608995,0.049568684,-0.088317025,-0.1706885,0.234052317,0.166855981,2.43,1
124,chief,-0.577570287,0.322829256,0.088281435,-0.232063485,-0.29815577,-0.067938154,2.29,0
125,gauze,0.754316413,0.609257447,-0.304455698,-0.090314089,-0.286639276,0.065790486,3.4,3
126,ruder,0.546282959,-0.186641558,-0.15885859,-0.142820703,0.222781623,-0.147507307,3,2
127,irony,-0.393385749,-0.34164833,0.391888816,-0.252993722,-0.085733804,0.104548615,2.47,1
128,clown,-0.397893009,-0.302829783,0.144376393,-0.182786728,-0.10749175,0.147294026,2.33,0
129,needy,-0.037774598,0.334806269,0.007284077,-0.254804591,0.1763179,-0.282380182,2.69,1
130,woven,0.431424579,0.415530526,-0.168225808,-0.117230289,-0.395729644,-0.053734582,3.1,2
131,merit,-0.388924023,-0.140841884,-0.152034599,-0.104224444,-0.101534563,-0.054181534,2.28,0
132,waste,-0.065882722,0.658473273,0.019700303,-0.1654255,-0.066740001,0.061076185,2.87,2
133,treat,-0.779544288,-0.125046546,0.049261897,-0.201221234,0.390877583,-0.262962099,1.89,0
134,shrug,-0.066962586,0.145255921,-0.137607924,-0.123544413,-0.055458866,0.153218958,2.66,1
135,twang,0.140539509,-0.204798382,-0.446924433,-0.011029852,-0.029076425,0.16818111,2.6,1
136,twice,-0.517724621,0.355154517,0.098701565,-0.21058697,-0.09954261,0.112845642,2.39,1
137,gruel,0.252451278,-0.139424244,-0.387195523,-0.008927937,-0.138128012,0.006506232,2.74,1
138,poker,0.163886105,0.338645111,0.145371596,-0.175126907,-0.227601992,0.06024501,2.99,2
139,khaki,0.388318015,0.027998373,0.037759386,-0.199792119,0.150428931,-0.050903077,2.98,2
140,hunky,0.767107575,-0.745759796,0.339630292,-0.136500677,-0.430348561,0.083802305,3.26,3
141,label,0.013484059,0.394276389,0.230246266,-0.281768388,0.221011103,-0.148138035,2.89,2
142,glean,-0.168140498,0.190156264,-0.215934307,-0.079536757,0.013406096,0.078730621,2.58,1
143,cling,-0.117868273,-0.316065165,0.55051988,-0.266171995,-0.089417086,0.271196508,2.79,2
144,patty,0.306501136,-0.204643573,0.165737574,-0.202138795,-0.104808551,-0.386692759,2.87,2
145,unfit,-0.036651299,-0.52771736,0.060181319,-0.119666415,0.10728228,0.365493968,2.63,1
146,smear,0.028258636,0.237023851,-0.141440158,-0.108395008,0.267707801,0.244636173,2.86,2
147,alien,-0.843299498,-0.071899479,-0.03101836,-0.091935347,0.05500365,-0.037935039,1.99,0
148,buggy,0.724118239,-0.70352055,0.737257054,-0.314801588,-0.226366958,-0.197155994,3.32,3
149,rhyme,-0.02454874,0.03486651,-0.251851807,-0.050437483,-0.013531309,0.158693195,2.64,1
150,youth,-0.139447669,-0.126548084,0.648897591,-0.281101674,-0.101856776,0.299833175,2.87,2
151,coyly,1.336289303,-0.366245402,0.473994904,-0.253029789,-0.046225638,-0.047630538,3.97,3
152,quart,0.349155902,0.017189767,-0.374045541,0.043101727,-0.387875669,-0.128551079,2.78,2
153,cramp,-0.123863963,-0.176057081,-0.155582433,-0.020814358,-0.067976724,0.115575716,2.48,1
154,bluff,0.356192209,-0.636350415,0.208642604,-0.186134621,0.077596953,-0.069611822,2.85,2
155,upset,-0.467942938,0.360164934,-0.087591027,-0.119174127,0.130635281,0.139157593,2.41,1
156,stomp,-0.257087974,0.156162283,-0.037228755,-0.094389725,0.114920051,0.267395193,2.56,1
157,motto,0.305002165,-0.341327869,0.429577272,-0.266743622,0.209548847,-0.08525197,3.06,2
158,cinch,0.915556972,-0.574692627,0.352938149,-0.157622725,0.064675533,0.017662604,3.4,3
159,elope,0.299881202,-0.004868742,-0.41044464,-0.009591087,0.425246288,-0.13843399,2.78,2
160,power,0.004431184,0.37765908,0.0584485,-0.080280453,-0.295349684,-0.029355348,2.82,2
161,midge,0.326132633,-0.094645181,-0.349208455,0.035805224,-0.167092662,0.036873461,2.81,2
162,tryst,0.117171089,-0.303082094,-0.357893323,-0.022379475,0.378136777,-0.130648086,2.53,1
163,aphid,0.103921166,-0.30416588,-0.378742044,0.063325456,0.063248729,0.223617065,2.58,1
164,trite,0.853270641,-0.234125885,0.108233249,-0.088476623,0.328767318,0.036917469,3.44,3
165,angry,-0.45185689,0.145209175,0.293927746,-0.181601725,-0.10688826,0.099593738,2.49,1
166,flock,-0.038963435,-0.284536826,0.175082835,-0.102868139,-0.180615426,0.143978746,2.67,1
167,wacky,0.205837204,-0.07778584,0.028386393,-0.050062851,-0.491044555,-0.114901246,2.79,2
168,roomy,0.248580592,-0.388582789,0.248747657,-0.158233981,0.04840421,-0.295665739,2.8,2
169,wedge,0.39980092,0.654524687,-0.095198637,-0.145325454,0.117581725,-0.215343485,3.11,2
170,liver,0.1905069,0.510168624,0.290211245,-0.150536976,-0.14738013,0.208437278,3.17,2
171,bland,-0.343926719,-0.22448991,-0.030116378,-0.033287721,-0.25597914,-0.119062746,2.32,0
172,night,-0.315344948,-0.228767618,0.623189844,-0.191666668,0.012386278,0.389611743,2.58,1
173,madam,0.428394722,0.043012662,-0.134364699,-0.0714031,0.243901037,-0.145247673,2.97,2
174,berth,-0.114731985,0.110978746,-0.076952014,-0.015819537,-0.255531412,-0.081561019,2.55,1
175,stead,0.260822607,-0.01119905,-0.426408959,0.116729103,0.211363149,0.159923505,2.84,2
176,voice,-0.261131407,0.443558404,0.054885964,-0.0811577,-0.269160155,-0.056533842,2.58,1
177,agape,0.430350483,0.210968448,-0.454577586,0.023699739,0.438347416,-0.093995562,2.88,2
178,fluff,0.950385193,-0.541917176,0.315399827,-0.17023143,0.113708663,0.088346754,3.48,3
179,field,-0.218738002,0.189562688,0.03053114,-0.040475189,-0.281065065,-0.076188358,2.51,1
180,sever,0.490577818,0.660376179,-0.012793438,-0.111599315,0.239483178,-0.192274535,3.28,3
181,lilac,0.289829839,-0.30666097,-0.013620102,-0.070498392,0.333363177,-0.060924407,2.86,2
182,egret,0.479974631,0.125906822,-0.363624091,0.017018585,0.393866461,-0.118533775,3,2
183,pinto,0.05961692,-0.738122431,-0.099904404,0.069111888,-0.125848845,-0.005665402,2.5,1
184,hutch,0.833677583,-0.687670916,0.367832838,-0.114454791,0.153736894,0.078224128,3.34,3
185,gawky,1.074693413,0.006335844,0.106333797,-0.019345078,-0.477627134,0.072925736,3.67,3
186,droll,0.527789597,-0.638581979,0.135805859,-0.058578777,0.366216088,0.014043135,3.03,2
187,retro,-0.051666899,-0.350518078,0.019424497,-0.0549044,0.51091483,-0.053072551,2.59,1
188,rusty,-0.427356126,-0.12327616,-0.115502598,0.044382162,-0.236511161,-0.189546373,2.16,0
189,beady,0.319538141,0.091190793,-0.409553284,0.129540362,-0.345036339,-0.241863005,2.74,1
190,smite,0.066479087,0.064634739,-0.368167657,0.116540971,0.064454236,0.053234793,2.62,1
191,brink,-0.178857729,-0.31134515,0.34617351,-0.087844952,-0.198436272,0.061154782,2.61,1
192,awful,0.151897721,-0.021648894,-0.291515086,0.085458723,0.067997792,0.318264335,2.75,1
193,gloat,0.187609335,-0.293255542,-0.278574557,0.136067541,-0.020517611,0.100433924,2.69,1
194,input,-0.052370269,-0.854893013,-0.13496786,0.092981485,0.197171287,0.31739647,2.4,1
195,loser,-0.507459381,-0.008642796,0.187487425,-0.025516808,0.112730223,0.029760289,2.36,0
196,cacao,0.794448453,0.039068008,-0.090937589,-0.013646411,0.25598695,-0.131937565,3.34,3
197,blown,0.170669904,-0.500435175,-0.167866431,0.114395465,-0.131541619,0.104461244,2.61,1
198,apron,-0.449516031,-0.118376784,0.039157233,-0.004170397,0.149187865,0.186622108,2.34,0
199,primo,0.216708433,-0.56911337,-0.102954255,0.100426442,-0.008550643,0.139828015,2.69,1
200,atone,-0.411663391,-0.421290869,-0.576403622,0.243829983,0.187895112,-0.021128589,1.98,0
201,donor,-0.255603914,-0.348434978,0.562124974,-0.18397893,0.217643049,-0.201615416,2.55,1
202,float,-0.481407073,-0.016381025,0.005076543,0.04354454,-0.139196159,-0.040192383,2.22,0
203,goose,0.292052962,0.501442904,0.3997847,-0.171990906,0.24761347,-0.142719923,3.24,3
204,piety,-0.027331095,-0.09331722,-0.076747877,0.078202647,-0.335155018,-0.202048207,2.53,1
205,girth,0.243337133,-0.591356027,-0.038451521,0.126895186,-0.178658127,0.048469421,2.67,1
206,trait,-0.19108452,-0.197728873,0.512034936,-0.154438891,0.363183734,-0.070284184,2.65,1
207,flood,-0.110015986,-0.08830691,0.501311748,-0.169881703,0.097186039,-0.207626429,2.7,1
208,gloom,0.224330589,-0.218831979,0.338169526,-0.115932597,0.302623392,-0.00404698,2.97,2
209,depth,-0.498680326,0.222369916,0.254581356,-0.061413197,-0.097760432,0.097571102,2.42,1
210,froth,0.216946742,-0.440657158,-0.151867541,0.148216648,-0.180655414,0.018576692,2.68,1
211,peach,-0.761378238,0.283989865,-0.141633707,0.064637448,-0.143799373,-0.162041519,1.99,0
212,showy,0.433656175,0.118820662,-0.354271926,0.166355148,-0.258746584,-0.037330002,2.9,2
213,creak,0.291824851,0.149119532,-0.464204026,0.213036302,-0.007676121,0.052151691,2.78,2
214,manor,0.019267182,-0.283689168,-0.150522481,0.152301244,-0.064966376,0.005898934,2.53,1
215,atoll,0.044932427,-0.604177537,-0.169015317,0.099545413,0.512535856,-0.069988321,2.46,1
216,bayou,0.310042453,-0.174928504,-0.258568838,0.177829398,-0.063039689,0.115614334,2.83,2
217,crept,0.069755612,-0.201822839,-0.395066983,0.207957205,-0.064431719,-0.009772457,2.52,1
218,tiara,-0.101594009,-0.571204235,-0.253054786,0.144000001,0.408893292,-0.298361387,2.22,0
219,asset,-0.515262424,0.047414264,0.371387331,-0.107275445,0.661685035,-0.081165304,2.46,1
220,vouch,0.804756709,-0.322602617,0.145074006,0.082017382,-0.227321464,0.250437306,3.41,3
221,album,-0.420589281,0.149025368,0.335427704,-0.052401588,0.099748361,0.329700382,2.56,1
222,hinge,-0.005134831,0.026927222,-0.132914138,0.138633522,-0.199756933,-0.03529874,2.57,1
223,money,-0.402166751,0.24648924,0.380339264,-0.012798497,-0.471240252,-0.29041645,2.45,1
224,scrap,-0.333090903,0.179037354,-0.240830292,0.154005337,0.137685313,0.107722982,2.35,0
225,gamer,0.502715773,0.187534902,-0.315063124,0.228954029,-0.153094718,-0.022050481,3.02,2
226,glass,-0.077254083,0.585562648,0.366234315,-0.098060856,0.197587626,-0.293170604,2.85,2
227,scour,-0.423465277,-0.041009431,-0.170486685,0.142517093,0.128314364,0.11290351,2.25,0
228,being,-0.27630847,0.360288229,0.342843984,-0.030146454,-0.192024416,0.043144338,2.67,1
229,delve,0.321587701,0.627470472,-0.069866637,0.02110047,0.183000793,-0.218003904,3.06,2
230,yield,0.050689283,0.260081073,0.387196439,-0.015964173,0.012058214,0.276403155,3.03,2
231,metal,-0.641501339,0.282786308,0.161181056,0.045091603,0.043980132,0.047884934,2.24,0
232,tipsy,-0.062521559,-0.286542545,-0.393540235,0.265988615,-0.190315846,-0.162946019,2.3,0
233,slung,0.377371745,-0.11041336,-0.258743266,0.202303966,0.013430351,0.188428876,2.89,2
234,farce,-0.0996227,0.276348049,-0.309602812,0.224887156,-0.252854956,-0.220932418,2.49,1
235,gecko,0.382172133,0.053847237,-0.340844405,0.226005585,-0.110410349,0.066215526,2.89,2
236,shine,-0.46445114,0.160758714,-0.265528321,0.218420008,-0.063727061,-0.148269089,2.12,0
237,canny,0.791172866,-0.259412034,0.175177769,0.076305468,-0.145312187,-0.376191368,3.23,3
238,midst,-0.275345639,0.156800902,0.24747514,0.035364467,-0.023609969,0.126891269,2.59,1
239,badge,-0.015267508,0.461274293,0.047397164,0.10423033,-0.235053533,-0.080183116,2.78,2
240,homer,0.366975168,0.395355436,0.334195218,0.05745745,-0.142592862,0.163220335,3.23,3
241,train,-1.216821354,-0.338001722,0.198704018,0.117015689,0.067594574,-0.043691959,1.6,0
242,hairy,-0.139823663,-0.074763582,0.10123696,0.156105204,-0.27094683,-0.128317084,2.52,1
243,story,-0.415499582,0.20365717,0.381588797,0.046060531,-0.038003017,0.082086071,2.56,1
244,forgo,0.665385732,-0.067390744,0.379760507,-0.004826515,0.050421228,-0.176836894,3.36,3
245,larva,0.518545652,0.424328633,0.187261198,0.013800923,0.274630711,-0.063164041,3.35,3
246,trash,-0.416854899,-0.198910672,-0.663362875,0.389968618,0.011732368,-0.06800043,1.9,0
247,zesty,0.73905318,0.574083281,-0.395100956,0.271405093,-0.1854497,0.009185393,3.29,3
248,shown,0.066748009,0.02271526,-0.50543288,0.320523505,-0.046170223,0.030722489,2.52,1
249,heist,-0.231866016,-0.082137054,-0.609639566,0.380443284,0.051328549,-0.101952794,2.15,0
250,askew,0.522626709,0.55165263,-0.557067459,0.302512932,0.203526914,0.226384044,3.14,2
251,inert,-0.187947239,-0.262330446,-0.08554366,0.214907085,0.288341103,0.270498117,2.49,1
252,olive,-0.260808343,0.305620292,-0.026997577,0.16610778,0.027750211,0.139039673,2.54,1
253,plant,-1.010918945,-0.183056259,0.245257052,0.11695874,-0.104680948,-0.099996065,1.78,0
254,oxide,0.36965508,0.538924249,-0.001199252,0.140499809,0.031146718,0.297588799,3.2,3
255,cargo,-0.13667456,0.19871223,0.351795264,0.080846669,-0.132294507,0.051782019,2.76,2
256,foyer,0.919397795,0.580083194,0.376579803,0.097110583,-0.189103084,0.254073783,3.93,3
257,flair,-0.337487296,-0.085214238,-0.026012383,0.219946812,-0.102668473,-0.040421916,2.31,0
258,ample,-0.107248664,0.364579473,0.024286042,0.155550039,0.149113201,0.216284833,2.77,2
259,cheek,-0.151406462,0.710853874,0.262960831,-0.000279829,0.083263859,-0.339696899,2.73,1
260,shame,-0.055527224,0.469018929,-0.164267454,0.270951822,0.040791663,0.03457384,2.66,1
261,mince,-0.177292146,0.110885682,0.175266084,0.158758961,-0.171005018,-0.013028676,2.59,1
262,chunk,-0.423503426,-0.578060457,0.637496277,0.053961831,-0.189908536,0.097755793,2.38,1
263,royal,-0.358857866,-0.009973191,0.324567696,0.116155677,0.110110195,0.183704705,2.58,1
264,squad,-0.064734022,0.798792873,0.025689038,0.148845714,-0.094330903,0.098816817,2.85,2
265,black,-0.185061715,-0.258736022,-0.239664729,0.330588606,-0.175398787,-0.058562121,2.24,0
266,stair,-1.038295398,-0.078752633,0.167695275,0.183280895,0.224599239,0.027917628,1.8,0
267,scare,-0.191101272,0.196387034,-0.093123404,0.283047795,0.235674572,0.144137163,2.56,1
268,foray,0.388219001,0.219283703,0.291053671,0.166810511,-0.423074646,-0.151141225,3.1,2
269,comma,0.631699765,-0.149163836,0.013093295,0.202248971,0.099528905,-0.234681881,3.06,2
270,natal,0.536673477,-0.25939422,-0.005329738,0.208591476,0.465087254,-0.053141103,3.07,2
271,shawl,0.1930601,0.547364221,-0.086104056,0.23056571,0.031457356,0.176280487,3.01,2
272,fewer,0.394915132,1.024760559,0.441370894,-0.006826672,0.06073632,-0.225486921,3.42,3
273,trope,-0.380303916,-0.277662299,-0.34195956,0.396871519,0.039081619,-0.053335195,2.05,0
274,snout,0.226627483,-0.019525404,0.0773177,0.259121127,0.160159498,0.297638932,2.97,2
275,lowly,0.753371595,-0.160399556,0.541900941,0.079659381,-0.006093417,-0.142096597,3.4,3
276,stove,0.114491848,0.783840394,0.163671664,0.173312923,0.104407037,0.254720452,3.16,2
277,shall,0.023336601,0.511184231,0.505345173,0.021507884,0.329141999,-0.065342681,3.02,2
278,found,0.211485777,0.055384964,0.939930401,0.054728784,-0.330407806,0.186783973,3.21,3
279,nymph,0.466162553,-0.712014318,0.421881066,0.213264331,0.114678467,0.513211171,2.67,1
280,epoxy,0.559186963,0.320226619,-0.350841748,0.358862087,-0.054464892,0.183329326,3.11,2
281,depot,-0.249005949,0.014156063,-0.025030257,0.279295154,0.038738995,0.069871241,2.47,1
282,chest,-0.779876951,0.462803581,0.032539685,0.24087622,-0.038031979,-0.105582984,2.04,0
283,purge,0.181038964,0.001288626,-0.129899415,0.356276497,-0.266656432,-0.120913774,2.68,1
284,slosh,0.28949795,0.160076883,-0.182290964,0.274112577,0.431487826,-0.161680974,2.85,2
285,their,-0.89484411,0.088853106,0.178480925,0.225052104,0.027293667,-0.008350771,1.99,0
286,renew,-0.049816802,0.625814405,0.191128593,0.136016902,0.285351434,-0.202867459,2.82,2
287,allow,-0.158617236,0.322079666,0.500094639,0.062054013,0.419245138,0.066176753,2.78,2
288,saute,-0.115541396,-0.157266714,-0.434474583,0.472772352,0.033510832,-0.199408793,2.3,0
289,movie,-0.102218634,0.628035054,0.385769671,0.175156593,-0.266885854,-0.009891329,2.89,2
290,cater,0.253734407,0.373877475,0.357011744,0.256374163,-0.06264439,0.12417783,3.09,2
291,tease,-0.680986125,-0.099882707,0.251940511,0.201215791,0.572726009,-0.279300032,2.06,0
292,smelt,0.252747139,0.059333262,-0.365811847,0.435606643,0.184284793,0.136301465,2.81,2
293,focus,-0.268949721,0.463078997,0.397242006,0.190393838,-0.423343061,-0.210407244,2.64,1
294,today,-0.50236849,0.064979879,0.479920411,0.193155965,-0.216360844,-0.113801689,2.38,1
295,watch,0.387510113,0.537244627,0.753986138,0.12988364,-0.142799419,0.391441718,3.58,3
296,lapse,-0.266910077,0.105147201,-0.27669108,0.415618431,0.164760333,-0.032239214,2.34,0
297,month,-0.40818045,-0.203651871,0.694148528,0.15270975,-0.214857671,0.01365137,2.5,1
298,sweet,0.119227412,0.555208054,-0.062537094,0.278620296,0.361294745,-0.237008822,2.85,2
299,hoard,-0.152022316,-0.25849614,-0.168130695,0.441450848,-0.115247711,-0.125035782,2.3,0
300,cloth,-0.513551825,-0.315402839,0.47772111,0.235707458,-0.095390432,0.049013316,2.25,0
301,brine,0.062579497,-0.078974938,-0.124012052,0.446894116,-0.161755644,-0.086796024,2.53,1
302,ahead,-0.22043918,0.564040272,0.35636789,0.154282649,0.364141406,-0.178766929,2.71,1
303,mourn,-0.364770161,-0.37457972,0.404448908,0.283335839,-0.093700225,0.019612872,2.36,0
304,nasty,-0.313761728,0.295059902,0.256725144,0.293776043,-0.087046574,-0.052306432,2.54,1
305,rupee,0.434585119,0.106544698,-0.215746787,0.389463193,0.232847183,-0.348939961,2.88,2
306,choke,-0.127055059,-0.014197696,-0.28832252,0.481828841,-0.246028507,-0.200823372,2.31,0
307,chant,-0.355995689,-0.180360123,0.089826045,0.380669368,-0.166782977,-0.07934886,2.24,0
308,spill,-0.085650696,-0.042567211,0.17235882,0.281501237,0.362446747,-0.122139432,2.55,1
309,vivid,0.344913074,0.069175537,0.819777556,0.09110105,-0.009226711,-0.111398746,3.23,3
310,bloke,0.242968641,0.009238504,-0.27422397,0.509940562,-0.199419693,-0.109626832,2.71,1
311,trove,0.486510872,0.272722221,-0.083642958,0.445354569,0.019141129,0.212029723,3.14,2
312,thorn,-0.641840058,-0.541705466,0.112631952,0.398869234,0.034784437,-0.00203783,1.98,0
313,other,-0.517528127,0.272394773,0.322502136,0.285311872,0.24379692,0.289271835,2.49,1
314,tacit,0.201969336,-0.200422741,0.259064244,0.308943607,0.263008514,-0.154260031,2.77,2
315,swill,1.001692477,0.175456354,0.084412517,0.334100772,0.342329149,0.079019,3.65,3
316,dodge,0.321767526,0.349060421,0.43845458,0.23015825,0.156898857,-0.13304007,3.09,2
317,shake,0.235692913,0.747873631,0.134396938,0.374109991,0.001181039,0.091361391,3.15,2
318,caulk,0.361713185,-0.204762741,-0.067047571,0.494885823,-0.17230501,0.021924228,2.83,2
319,aroma,-0.190029188,0.052084279,0.274781756,0.289359966,0.496906665,-0.095552106,2.57,1
320,cynic,0.124050039,-0.721155223,0.314495279,0.351076612,0.246832875,-0.107620234,2.57,1
321,robin,-0.003059935,-0.611643778,-0.063178354,0.516290568,0.01661528,0.039307535,2.43,1
322,ultra,-0.13166396,-0.298222586,0.066176229,0.443017417,0.265959678,0.268827974,2.57,1
323,ulcer,0.096624304,0.129134052,0.178407973,0.393737702,0.119159097,0.248907113,2.91,2
324,pause,-0.363703575,0.457163251,0.15295793,0.392604818,0.001578869,-0.092105077,2.49,1
325,humor,-0.216453717,-0.149028204,0.593282258,0.295676359,-0.056201898,0.151553867,2.67,1
326,frame,-0.143855709,0.624299539,0.200733263,0.393134976,-0.105073035,0.001344344,2.79,2
327,elder,0.404846873,0.301558746,0.293292752,0.310845579,0.513377887,0.012477257,3.27,3
328,skill,-0.060837258,0.368872638,0.595942871,0.198280257,0.379188315,0.022162756,2.92,2
329,aloft,0.012894035,-0.013417143,0.005557991,0.474337722,0.099441204,0.175286358,2.66,1
330,pleat,-0.04147024,-0.120183995,-0.360101915,0.623459019,0.064274576,-0.045570886,2.37,1
331,shard,0.004679331,0.308875341,0.053234743,0.476101056,0.014915414,0.044906553,2.73,1
332,moist,-0.564637514,-0.021964437,0.121673231,0.477325187,-0.068355114,-0.111755782,2.1,0
333,those,-0.762693712,0.381296436,0.156660106,0.415712018,0.097274015,-0.044090278,2.11,0
334,light,-0.291986579,-0.281740751,0.644301052,0.350576451,0.042872514,0.278684813,2.56,1
335,wrung,0.342807759,-0.505394828,0.092843318,0.507277912,-0.061280469,0.166099346,2.82,2
336,could,-0.472830762,-0.277830895,0.765123028,0.307647578,-0.24025052,-0.059177401,2.38,1
337,perky,0.497776075,0.040254827,-0.074194166,0.579164803,-0.360680538,-0.169078196,2.95,2
338,mount,-0.383101919,-0.441486832,0.491458232,0.413531345,-0.153631697,-0.034837384,2.35,0
339,whack,0.137609638,-0.124791922,-0.031408228,0.54432636,-0.158330761,0.071922259,2.65,1
340,sugar,-0.430221767,0.481450093,0.316285252,0.393093319,-0.004178982,-0.007131132,2.55,1
341,knoll,0.676284788,-0.44595148,0.284446409,0.41867581,0.418081797,0.08894814,3.23,3
342,crimp,0.008942196,-0.698015982,0.021165849,0.581118536,-0.014948732,0.059415641,2.43,1
343,wince,0.096535962,0.374857949,0.299811486,0.434532707,-0.196325824,0.025624356,2.9,2
344,prick,-0.051826477,-0.65322205,-0.029971935,0.61293521,-0.073843387,0.009276671,2.35,0
345,robot,-0.38821792,-0.227535274,0.58408787,0.329672056,0.310525566,-0.19335432,2.36,0
346,point,-0.841896437,-0.381076237,0.614662147,0.40451841,-0.181698871,-0.157590545,1.96,0
347,proxy,0.52496829,0.117731231,0.512151537,0.417050931,-0.198786073,0.193696668,3.36,3
348,shire,-0.066824326,-0.040081553,-0.394701177,0.706691602,0.064463074,-0.120094766,2.31,0
349,solar,-0.650699178,0.008785905,0.484363068,0.425276025,0.125871593,-0.032831576,2.27,0
350,panic,-0.496005507,-0.122641467,0.238230122,0.509997504,-0.11675269,-0.09491292,2.17,0
351,tangy,0.332484469,-0.145425395,0.16596736,0.585637519,-0.290688435,-0.090900188,2.84,2
352,abbey,0.652993365,0.29178326,-0.123734044,0.556502429,0.172392514,-0.271352441,3.15,2
353,favor,0.571106242,0.19197982,-0.115611233,0.646021844,-0.208244944,-0.024558376,3.11,2
354,drink,-0.684418902,-0.258759343,0.617720924,0.411902543,-0.012679321,0.078543693,2.17,0
355,query,0.429383532,0.349466814,-0.05608342,0.62949408,-0.504275051,-0.279693816,2.96,2
356,gorge,0.528422827,0.272487817,0.260840979,0.475368769,0.082401177,-0.297094173,3.18,2
357,crank,-0.008845279,0.057932953,0.230080084,0.549546237,-0.064840633,0.067169176,2.71,1
358,slump,-0.117634664,0.058240889,0.13183408,0.550330887,0.073596139,0.153933151,2.61,1
