,word,logDate,frequencySum,wordVar,frequencyGap,frequencyGap2,frequencyLevel,repeatLetters,location,norm_u,norm_sig
0,manly,1.0,0.3559169826381958,0.3224367961855809,0.5779587765957447,0.4437695738825093,0.6666666666666666,0.0,0.8529307880838943,4.383838383838384,1.0318862859896674
1,molar,0.9982471660678348,0.5339752544402316,0.262102331797359,0.5779587765957447,0.4219417291449178,1.0,0.0,0.5302677819055238,4.181818181818182,1.02851895445316
2,havoc,0.9964911936667922,0.2833266813011377,0.5768043340432455,0.7910571808510638,0.6965929581474805,0.5,0.0,0.4040611132346919,4.4,1.0198039027185568
3,impel,0.9947320715377826,0.4270105767311915,0.4458913369108511,0.6899933510638299,0.5496820726962134,0.8333333333333334,0.0,0.1361628158660023,4.191919191919192,1.0017839408660554
4,condo,0.9929697883610188,0.353272799840351,0.149798172536951,0.3118351063829787,0.3571225206415488,0.3333333333333333,0.4444444444444444,0.6067436661671868,4.45,1.0805091392487156
5,judge,0.9912043327555825,0.2161744162841749,0.6983334141392267,0.9700797872340425,0.6269336623327325,0.0,0.0,0.7882705078306542,5.232323232323233,1.2295049741174093
6,extra,0.9894356932789804,0.5569247655158652,0.7788682924564148,0.9705784574468085,0.8004175761601973,0.6666666666666666,0.0,0.0756458089593877,4.18,1.107971118757163
7,poise,0.9876638584266998,0.7140790261424868,0.4851634730128902,0.6830119680851064,0.6562588972193221,0.8333333333333334,0.0,0.574475867480471,3.6831683168316833,1.1512429191088025
8,aorta,0.9858888166317603,0.7303432448613054,0.1680138778380017,0.3587101063829787,0.3692701907563822,1.0,0.4444444444444444,0.4354017131553334,4.089108910891089,1.1781762202489914
9,excel,0.9841105562642621,0.4880762322889645,0.9879247066202865,0.9705784574468085,0.9847205086836863,0.3333333333333333,0.4444444444444444,0.2126054950109749,4.555555555555555,0.9971902164189442
10,lunar,0.9823290656309231,0.4865296348034325,0.2254602257768399,0.489029255319149,0.3842649710543798,0.3333333333333333,0.0,0.46251110906126,3.826530612244898,0.9150165628486625
11,third,0.9805443329746265,0.3090700458990222,0.1113761806532563,0.3096742021276596,0.2913542754104584,0.0,0.0,0.4849322813725322,3.4356435643564356,0.8946025345011104
12,slate,0.978756346473947,0.8357613250848137,0.3618337975688827,0.4709109042553192,0.5718895321248929,0.5,0.0,0.357255430529626,3.4646464646464645,1.2578089922048339
13,taper,0.9769650942426842,0.6432847734983036,0.4460051894144981,0.6828457446808511,0.6361393185916298,1.0,0.0,0.465882279541964,4.07,1.2268251709188231
14,chord,0.975170564329391,0.2797345839153861,0.1853458418787376,0.3563829787234044,0.3963177374964412,0.3333333333333333,0.0,0.583274763859321,3.66,0.8968834929911464
15,probe,0.9733727447168902,0.4827379764518062,0.509103637500581,0.7480053191489361,0.6473379519787413,1.0,0.0,0.4246880950260905,4.19,1.1806354221350466
16,rival,0.9715716233217958,0.4360906006785073,0.4444573913212979,0.7910571808510638,0.5169403055898261,0.3333333333333333,0.0,0.3803399259708104,4.0,1.0862780491200215
17,usual,0.969767187994024,0.5895529834364399,0.4792457128852167,0.6012300531914895,0.6639460947138655,0.1666666666666667,0.4444444444444444,0.04855040407022832,4.24,1.0111379727811631
18,spoke,0.967959426516301,0.6016763121133507,0.7440788162269738,0.7684507978723405,0.8700768719749452,0.6666666666666666,0.0,0.3482168405042826,3.8585858585858586,0.9641042423426268
19,apply,0.9661483266036659,0.3115146677309917,0.3596821466548127,0.570811170212766,0.4449084179557749,0.0,0.4444444444444444,0.4381073019293097,4.00990099009901,1.0292268510824614
20,naive,0.9643338759029749,0.5401616443823589,0.7110696479964908,0.903091755319149,0.7944386447755528,1.0,0.0,0.4036798613915746,4.08,1.1720068259186889
21,knock,0.9625160619923877,0.15964877270006,0.1845965632808541,0.3986037234042553,0.3556040618771946,0.3333333333333333,0.4444444444444444,0.2373519213970773,4.22,0.9651942809610924
22,braid,0.9606948723808633,0.4368389543005387,0.3423752748616091,0.6359707446808509,0.5155167504982441,0.8333333333333334,0.0,0.6249695082480253,3.63265306122449,0.951773372764165
23,infer,0.9588702945076442,0.4698164039113951,0.496864605100356,0.8331117021276595,0.5807155736927022,0.5,0.0,0.1501772446206423,4.387755102040816,1.1305827742420034
24,joust,0.9570423157417336,0.3976751147475554,0.681883006185344,0.9702460106382979,0.727531555471197,1.0,0.0,0.735128103325265,4.02,1.1133732527773423
25,amber,0.9552109233813744,0.5579225703452404,0.6375936000738982,0.7480053191489361,0.7985195027047549,0.8333333333333334,0.0,0.2176585940533453,4.23,1.1819898476721364
26,woken,0.9533761046535175,0.3676411893833568,0.646730753914021,0.8457446808510638,0.7519217993736353,1.0,0.0,0.6369921363394608,4.8,1.0862780491200217
27,adore,0.9515378467132862,0.721961684294552,0.3320395285463424,0.6107047872340425,0.5131441586789407,0.3333333333333333,0.0,0.1183552980147981,3.5643564356435644,1.1891909354155135
28,torso,0.9496961366434414,0.6866892835761329,0.1859887919225063,0.4709109042553192,0.286229477080763,0.3333333333333333,0.4444444444444444,0.3724533947591084,3.888888888888889,1.0039204854915922
29,chafe,0.9478509614538304,0.4152863699860308,0.8337557774403311,0.8331117021276595,0.8677042801556423,0.8333333333333334,0.0,0.5257331692523742,4.01010101010101,1.1325750537704873
30,eject,0.9460023080808428,0.4844342446617445,0.989450206011573,0.9700797872340425,0.9844357976653697,0.5,0.4444444444444444,0.02502615028945278,4.55,0.9937303457175897
31,study,0.9441501633868528,0.3875972859708641,0.4310721981932463,0.6738696808510639,0.4553478219607098,0.0,0.0,0.5152376605507182,4.03,1.144159079848602
32,undue,0.9422945141596589,0.3922370784274595,0.4066633760768573,0.6107047872340425,0.3812280535256715,0.6666666666666666,0.4444444444444444,0.09024660458856137,4.356435643564357,1.0770711883938546
33,tepid,0.9404353471119201,0.4470165635601674,0.406191403440692,0.6828457446808511,0.5044130207839044,0.8333333333333334,0.0,0.417223414938347,3.606060606060606,0.9408590725006075
34,happy,0.938572648880583,0.2310915984833365,0.3965082790449126,0.6140292553191489,0.3464933092910695,0.0,0.4444444444444444,0.6961950455114123,3.9393939393939394,1.0231480615838868
35,clean,0.9367064060263062,0.2942027539413291,0.4677764606037744,0.6815159574468085,0.4195691373256146,1.0,0.0,0.3593893363954818,3.45,1.0331989159885915
36,itchy,0.9348366050328805,0.1838954300538816,0.09060616898058119,0.2433510638297872,0.249976274081807,1.0,0.0,0.3059072696561539,3.87,1.0262066068779716
37,feast,0.9329632323066387,0.7232089403312714,0.7437774857729376,0.8332779255319149,0.7859922178988328,0.8333333333333334,0.0,0.44550338299839,3.792079207920792,1.3881880182180384
38,drive,0.9310862741758628,0.4239173817601278,0.597215840694895,0.903091755319149,0.6680269526430674,0.0,0.0,0.4150176447797154,3.74,1.1542963224406464
39,prime,0.9292057168901873,0.4662243065256438,0.4521467187540834,0.6899933510638299,0.5875486381322959,0.6666666666666666,0.0,0.4962851518077503,3.93,1.18536914081648
40,axiom,0.9273215466199944,0.3602574336459788,0.6002721161747467,0.8585438829787234,0.7145297523014144,0.8333333333333334,0.0,0.1623231499335517,4.33,1.1580587204455568
41,brave,0.925433749455802,0.4939632807822792,0.8460108261687683,0.903091755319149,0.920186011198633,0.6666666666666666,0.0,0.5491917112281798,4.455445544554456,1.308954328902814
42,avert,0.9235423114076495,0.5771802035521854,0.6874383006650934,0.903091755319149,0.7618866850147098,0.3333333333333333,0.0,0.08028432748428142,4.03,1.0995908329919815
43,glyph,0.9216472184044749,0.08177010576731167,0.05293227619773112,0.1983045212765957,0.1338141786087121,1.0,0.0,0.3351877354479519,4.06,0.8924124606929242
44,there,0.9197484562934859,0.663939333466374,0.565392116651512,0.726063829787234,0.7247793489608048,1.0,0.4444444444444444,0.3194075613762022,3.59,1.020735029280371
45,baker,0.9178460108395278,0.5344242666134505,0.7046798159065848,0.7682845744680851,0.8432191325804307,0.5,0.0,0.6688115021732137,4.72,1.364404632064843
46,snarl,0.915939867724441,0.6936739173817601,0.3223746553152698,0.5279255319148937,0.540476416437316,0.8333333333333334,0.0,0.1767676714680596,4.35,1.2196310917650468
47,maple,0.9140300125464155,0.5382658152065459,0.5971738754318276,0.6899933510638299,0.7613172629780772,0.1666666666666667,0.0,0.4981573610335853,3.98989898989899,1.1054954508351273
48,inane,0.9121164308193392,0.6528138096188387,0.3727458958003758,0.5277593085106383,0.580146151656069,1.0,0.4444444444444444,0.1704737692066294,4.15,1.2439855304624732
49,valet,0.9101991079721363,0.5379664737577331,0.70288645894565,0.903091755319149,0.7618866850147098,0.6666666666666666,0.0,0.6166239286738129,4.161616161616162,1.0318862859896674
50,medal,0.908278029348102,0.5599181800039915,0.5483923362241976,0.6899933510638299,0.7201290689949702,0.1666666666666667,0.0,0.3083752743031873,4.07,1.0416813332300816
51,unite,0.9063531802042325,0.4964577928557176,0.3292171783686946,0.6010638297872342,0.4103634810667174,0.1666666666666667,0.0,0.2422292263479258,3.75,1.116915395184434
52,rainy,0.9044245457105434,0.4840351227299943,0.2606700126721436,0.5616688829787234,0.4257378760558033,0.3333333333333333,0.0,0.7173582767869234,3.4752475247524752,1.0679309078212935
53,spell,0.9024921109493854,0.641538615046897,0.5527335930254723,0.6830119680851064,0.6929866185821391,0.3333333333333333,0.4444444444444444,0.1633029211342631,4.1313131313131315,1.0410412876321675
54,begin,0.9005558609147515,0.3699361404909199,0.526389849471967,0.7480053191489361,0.6184872354560125,0.0,0.0,0.5448102747152461,4.02020202020202,1.0538989465270703
55,stale,0.8986157805115791,0.8357613250848134,0.3618337975688827,0.4709109042553192,0.5718895321248929,0.5,0.0,0.2409885988975146,3.594059405940594,1.2756533392797154
56,dream,0.8966718545550421,0.5991319097984433,0.5286503120918125,0.6899933510638299,0.7201290689949702,0.0,0.0,0.2007261113565669,3.515151515151515,1.2256817221913143
57,photo,0.8947240677698391,0.3353622031530631,0.1964590009002045,0.3563829787234044,0.4237448989275885,0.0,0.4444444444444444,0.4679522145167342,3.77,0.8701149349367588
58,aloud,0.8927724047894728,0.4756535621632411,0.2677844284166659,0.4986702127659574,0.4582898358166461,0.1666666666666667,0.0,0.2920622300907365,3.56,1.1516944039110373
59,inept,0.8908168501555227,0.4719117940530834,0.3756849416903221,0.6828457446808511,0.4570560880706084,0.6666666666666666,0.0,0.0782415190816285,3.9313725490196076,1.0219148109383045
60,piney,0.8888573883169096,0.4109958092197165,0.4462227507472577,0.6828457446808511,0.540381512764544,1.0,0.0,0.973477980888513,4.5049504950495045,0.9912864166957488
61,aptly,0.8868940036291555,0.3751746158451407,0.3149429052042573,0.570811170212766,0.4396887159533074,0.6666666666666666,0.0,0.4424436191716749,4.079207920792079,0.9818467981242114
62,waltz,0.8849266803536309,0.2444621831969666,0.5964086425845236,0.8342752659574468,0.6883363386163045,1.0,0.0,0.5028112839730061,4.6767676767676765,1.0620000459232888
63,libel,0.8829554026568024,0.4770504889243665,0.4053193702404577,0.7480053191489361,0.4544936889057606,0.8333333333333334,0.4444444444444444,0.4130818059227457,4.49,1.0816191566350886
64,sneak,0.8809801546094637,0.7255537816803037,0.6951277274239457,0.7684507978723405,0.7815317452785422,0.1666666666666667,0.0,0.1527539583857341,3.96,1.0669582934679311
65,carry,0.8790009201859652,0.4577928557174219,0.3376426361113198,0.5694813829787234,0.5135237733700293,0.0,0.4444444444444444,0.8591356590184026,4.27,1.1389029809426263
66,flout,0.8770176832634359,0.2745459988026344,0.1817227746165532,0.4634308510638298,0.3369080383410838,1.0,0.0,0.4862686185810494,3.98,1.0486181383134663
67,foggy,0.8750304276209899,0.08411494711634399,0.2050163884905671,0.4634308510638298,0.2961943627218373,0.6666666666666666,0.4444444444444444,0.9851547845269447,4.54,1.0528057750601485
68,fault,0.8730391369389373,0.3518758730792256,0.3849439065351645,0.7210771276595744,0.4840087311378951,0.6666666666666666,0.0,0.6694164608935123,4.0,1.0862780491200215
69,mummy,0.8710437947979743,0.06415885052883663,0.0,0.0,0.0,0.6666666666666666,1.0,0.8539925525775833,5.475247524752476,1.1133222017323243
70,spiel,0.8690443846783733,0.6608461384953104,0.5313181605731261,0.6830119680851064,0.6929866185821391,1.0,0.0,0.3376343909852936,3.881188118811881,1.0463243416731014
71,grove,0.8670408899591635,0.417431650369188,0.6957283024846229,0.903091755319149,0.7715668596374676,0.3333333333333333,0.0,0.4496055683726816,4.45,1.16940155635265
72,denim,0.865033293917298,0.4277589303532229,0.4205864695176681,0.6899933510638299,0.5084938787131063,0.5,0.0,0.374771863389193,3.909090909090909,0.9437825152968143
73,quirk,0.8630215797268198,0.1404909199760527,0.3340907359757335,0.5834441489361702,0.5376293062541521,0.6666666666666666,0.0,0.7766139988698101,4.19,1.0458967444255671
74,exist,0.8610057304580161,0.5706944721612452,0.8755575249707276,0.9707446808510639,0.8644775552813894,0.0,0.0,0.143511459399843,4.08080808080808,1.0413352702108989
75,stein,0.8589857290765603,0.7036020754340452,0.4158731124400247,0.5279255319148937,0.6116541710164182,1.0,0.0,0.1645444411296054,3.6831683168316833,1.116311935798448
76,spade,0.8569615584426501,0.726302135302335,0.6632060678790614,0.6830119680851064,0.7801081901869603,0.6666666666666666,0.0,0.2443555228631422,3.86,1.0956276739841868
77,catch,0.8549332013101336,0.2928058271802035,0.3796482379773089,0.6140292553191489,0.4616114643636708,0.1666666666666667,0.4444444444444444,0.5412004616886662,4.848484848484849,1.622839738060107
78,floor,0.8529006403256326,0.4136898822590303,0.2383962043536973,0.4634308510638298,0.356553098604916,1.0,0.4444444444444444,0.4463060585214869,4.07,0.9083501527494781
79,equal,0.850863858027644,0.4698164039113951,0.87482226376397,0.9998337765957447,0.891525102021448,0.6666666666666666,0.0,0.1072483754160117,4.198019801980198,1.1171019966390763
80,ionic,0.8488228368456455,0.3844542007583316,0.09941968124899543,0.3118351063829787,0.2452310904432002,1.0,0.4444444444444444,0.3507683164057087,4.86,1.257139610385418
81,valid,0.8467775590991837,0.3510776292157256,0.4569608545418798,0.7910571808510638,0.5661953117585651,0.1666666666666667,0.0,0.6164565435239542,4.04,1.0287856919689347
82,enjoy,0.8447280069969576,0.358710836160447,0.7157461178562128,0.9700797872340425,0.7689095567998481,0.0,0.0,0.3282655311703733,4.64,1.1092339699089637
83,howdy,0.8426741626358849,0.1265216523647972,0.1955111322482497,0.476063829787234,0.3283667077915916,1.0,0.0,0.8002918952743565,4.61,1.0944861808172819
84,vigor,0.84061600800017,0.2725503891438832,0.3384917746532418,0.5334109042553192,0.5338331593432666,0.5,0.0,0.4267549133239114,4.4646464646464645,1.037801982952834
85,dandy,0.8385535249603511,0.333915386150469,0.3104365064017821,0.5616688829787234,0.3587358830786751,0.8333333333333334,0.4444444444444444,0.7825331769009589,4.95,1.2359207094308273
86,sloth,0.8364866952723453,0.5138195968868491,0.4015732255662065,0.7262300531914894,0.5138084843883458,1.0,0.0,0.3566946849610212,3.5757575757575757,0.9753622387533989
87,marxh,0.8344155005764762,0.2465076830971861,0.6163262503708429,0.8585438829787234,0.7084559172439973,1.0,0.0,0.4347785087733758,3.86,1.0772186407596183
88,bough,0.832339922396501,0.1372480542805826,0.1716924311240464,0.3783244680851064,0.289076587263927,0.8333333333333334,0.0,0.7573642754680323,4.404040404040404,1.1002221255911193
89,sting,0.8302599421386165,0.4532029535022951,0.4194873645138134,0.7455119680851064,0.4928347727057036,0.3333333333333333,0.0,0.2215218748919776,3.872549019607843,1.1937054570476393
90,twine,0.8281755410904614,0.42301935741369,0.5040636342377198,0.8457446808510638,0.5500616873873019,0.8333333333333334,0.0,0.3766216206272108,3.93,1.002546757014355
91,leave,0.8260867004201069,0.7059469167830772,0.8366170013572287,0.903091755319149,0.8186390813324471,0.1666666666666667,0.4444444444444444,0.3088466694729854,4.346938775510204,1.050772707090286
92,scorn,0.8239934011750365,0.5492915585711438,0.3747128623096749,0.6816821808510638,0.5209262598462562,0.8333333333333334,0.0,0.1934707404229576,3.881188118811881,1.065081493771105
93,scald,0.8218956242811104,0.5625124725603672,0.5419230184496304,0.6816821808510638,0.715383885356363,1.0,0.0,0.3199622993615837,4.21,1.098134782255803
94,usurp,0.8197933505415274,0.4307523448413492,0.44523112896304,0.6830119680851064,0.536870076871975,0.8333333333333334,0.4444444444444444,0.0,4.204081632653061,1.0097401532124881
95,soggy,0.8176865606357689,0.3609060067850728,0.6016425551605756,0.7455119680851064,0.6815981778494827,0.6666666666666666,0.4444444444444444,0.7889174830999452,4.343434343434343,1.026533011386869
96,brisk,0.8155752351185334,0.423218918379565,0.5514590906040582,0.7684507978723405,0.6695454114074213,0.5,0.0,0.4642963959367163,4.081632653061225,1.0269180102374798
97,admit,0.8134593544186578,0.4112452604270603,0.294925375395108,0.5779587765957447,0.4445288032646862,0.0,0.0,0.1757834468002718,3.96,1.1306635220082055
98,grate,0.8113388988380323,0.6245260427060466,0.5056570478269286,0.745345744680851,0.6718230995539529,0.6666666666666666,0.0,0.4693775518142872,3.808080808080808,1.2923767758837943
99,glory,0.809213848550499,0.3220913989223707,0.1841899471964007,0.3756648936170213,0.4028660909177185,0.1666666666666667,0.0,0.6632370979140664,3.8686868686868685,0.9602868326383943
100,saint,0.807084183600738,0.6699760526840951,0.3436386279320665,0.5279255319148937,0.5476890955679985,0.1666666666666667,0.0,0.5071926576248881,3.62,1.1382442620105757
101,recap,0.804949883903144,0.5800239473159051,0.574815900687839,0.6828457446808511,0.7564771756666986,1.0,0.0,0.1563171677108135,4.0,1.0583005244258363
102,alike,0.8028109292406915,0.6015266413889446,0.5330145752932243,0.7682845744680851,0.6777071272658247,0.6666666666666666,0.0,0.3723725051093765,4.25,1.1434596626029272
103,trice,0.8006672992637824,0.5324286569546999,0.3520326738061829,0.6815159574468085,0.4616114643636709,1.0,0.0,0.379920091833467,4.51,1.4247455913249916
104,stick,0.798518973489087,0.4001696268209938,0.4977018120985479,0.7684507978723405,0.5937173768624843,0.0,0.0,0.235112799311603,3.6464646464646466,0.9981106526897475
105,chute,0.7963659312983677,0.350578726801038,0.4871014114792747,0.726063829787234,0.5255765398120906,0.5,0.0,0.605668220368695,3.585858585858586,0.9429172549587848
106,parer,0.7942081519372955,0.6862901616443827,0.4040304407078942,0.6828457446808511,0.554332352662048,1.0,0.4444444444444444,0.6520321202441913,5.99,1.1957842614786334
107,doubt,0.792045614514243,0.2542905607663141,0.1325767584081533,0.3783244680851064,0.2866090917718515,0.0,0.0,0.5119078305687015,3.6464646464646466,1.0474898453077504
108,thyme,0.7898782979990772,0.3262322889642786,0.5155755253371171,0.726063829787234,0.5304166271234697,0.3333333333333333,0.0,0.3199200628864029,3.95959595959596,0.9839026797483572
109,alpha,0.7877061812219285,0.4938136100578728,0.5238691028950381,0.6140292553191489,0.7179462845212112,0.3333333333333333,0.4444444444444444,0.1022756248239451,4.24,0.9911609354691095
110,booze,0.7855292428719517,0.4176811015765318,0.7588749112971662,0.9463098404255319,0.7977602733225777,0.5,0.4444444444444444,0.7633634335792286,4.87,1.0065286881157438
111,tibia,0.7833474614960717,0.4589403312712035,0.2944471452167576,0.6359707446808509,0.397741292588023,1.0,0.4444444444444444,0.3697283137668263,4.444444444444445,0.9767211922128138
112,lofty,0.7811608154977127,0.2527439632807824,0.1982656923855581,0.4634308510638298,0.3783809433425074,0.5,0.0,0.7174158359306085,4.35,1.1346805717910218
113,theme,0.7789692831355194,0.5551287168229896,0.7308975519290642,0.726063829787234,0.8499572933472523,0.0,0.4444444444444444,0.3392451629586878,3.808080808080808,0.9606055295328275
114,class,0.776772842522055,0.7725503891438834,0.5514884911197218,0.6816821808510638,0.6923222928727337,0.0,0.4444444444444444,0.6109728770080185,4.404040404040404,1.2626666660202228
115,leery,0.7745714716224943,0.6834464178806628,0.5082473723133927,0.6737034574468085,0.6876720129068992,0.8333333333333334,0.4444444444444444,0.4865401853759482,4.353535353535354,1.0570889254101923
116,taunt,0.772365148253295,0.4397325883057276,0.2259168773672581,0.489029255319149,0.3024580051247983,1.0,0.4444444444444444,0.5062144098756787,4.65,1.3955285736952865
117,whoop,0.7701538500808567,0.222809818399521,0.3081066645245344,0.476063829787234,0.516750498244282,1.0,0.4444444444444444,0.3650802663042761,4.2772277227722775,0.880130637031429
118,inter,0.7679375546201636,0.5785771303133108,0.2611437359302298,0.5277593085106383,0.3738255670494449,1.0,0.0,0.1679508021811458,4.05050505050505,1.0671754219844194
119,gully,0.7657162392334154,0.1867391738176014,0.0674627857820447,0.1983045212765957,0.2270095852709499,0.6666666666666666,0.4444444444444444,0.8903314803592927,4.91,1.1144056711987784
120,charm,0.7634898811286358,0.3332668130113751,0.4166094662335139,0.6140292553191489,0.5482585176046312,0.5,0.0,0.4135531887741641,3.702970297029703,1.1128818575305754
121,fungi,0.7612584573582744,0.1372979445220514,0.1294244594535787,0.3503989361702128,0.3149852899307203,1.0,0.0,0.6944076606312415,4.2727272727272725,0.9620913858416692
122,prize,0.7590219448177817,0.3892935541808024,0.6775994081656331,0.9463098404255319,0.7338901015469301,0.6666666666666666,0.0,0.5528309156695719,4.77,1.2397983707038822
123,onset,0.7567803202441785,0.737527439632808,0.3890252766836216,0.5279255319148937,0.6116541710164182,0.3333333333333333,0.0,0.1465587694988387,3.99009900990099,0.9899999950490098
124,chief,0.7545335602146028,0.3040311315106764,0.614224436310605,0.8331117021276595,0.656069089873778,0.0,0.0,0.5639376064207864,3.81,0.9969453345093702
125,gauze,0.7522816411448396,0.3996707244063062,0.9245361519256744,0.9463098404255319,0.9433425073550347,0.8333333333333334,0.0,0.6182740525969705,4.891089108910891,1.184896620790435
126,ruder,0.750024539287837,0.5344741568549192,0.3578674966683864,0.6107047872340425,0.4955869792160958,1.0,0.4444444444444444,0.451100654041127,4.53,1.117631424039249
127,irony,0.7477622307322028,0.4067052484534026,0.1084273635615248,0.3040226063829788,0.2786371832589922,0.1666666666666667,0.0,0.5124613078235575,3.98989898989899,1.0777356499676074
128,clown,0.7454946914006876,0.2294951107563363,0.2020404553826999,0.476063829787234,0.3900540950934802,0.3333333333333333,0.0,0.3824227676950642,3.871287128712871,1.0960176909809627
129,needy,0.7432218970486404,0.5775294352424669,0.6527219904993373,0.6737034574468085,0.7747935845117205,0.3333333333333333,0.4444444444444444,0.4591903116038498,4.22,0.975499871860576
130,woven,0.7409438232624628,0.3271802035521852,0.7544004954880823,0.903091755319149,0.8288886779918383,0.6666666666666666,0.0,0.7444394926146579,4.585858585858586,1.0731818169934082
131,merit,0.7386604454580267,0.5298842546397927,0.3582798612489346,0.6899933510638299,0.4664515516750499,0.5,0.0,0.4799611801182163,3.797979797979798,0.9742108744387465
132,waste,0.7363717388790869,0.7194172819796448,0.7610453224220336,0.8459109042553191,0.7932048970295149,0.1666666666666667,0.0,0.4918379976593823,4.37,1.3390668392578469
133,treat,0.7340776785956713,0.7069447216124529,0.2959132724518346,0.4707446808510639,0.5150422321343836,0.1666666666666667,0.4444444444444444,0.26361452926825,3.485148514851485,1.1991239490853611
134,shrug,0.7317782395024479,0.374476152464578,0.5450679300280141,0.7455119680851064,0.6439214197589446,0.5,0.0,0.3119699073634759,4.18,1.0524257693538295
135,twang,0.7294733963170797,0.283875473957294,0.4496793351063449,0.7337101063829787,0.5663851191041092,1.0,0.0,0.2368761894785281,4.138613861386139,0.9650291430503926
136,twice,0.7271631235785555,0.376870884055079,0.5591436628014133,0.8457446808510638,0.6378475847015281,0.0,0.0,0.3348540240495113,3.9306930693069306,1.0648053393667993
137,gruel,0.7248473956455027,0.4548493314707643,0.450535140910476,0.745345744680851,0.5724589541615261,1.0,0.0,0.501110980508403,4.25,0.9937303457175896
138,poker,0.7225261866944801,0.4766513669926163,0.5257837618146025,0.7682845744680851,0.6589162000569423,0.3333333333333333,0.0,0.6435501881669639,4.51,1.2123943252918992
139,khaki,0.7201994707182464,0.263819596886849,0.4733539761869478,0.65625,0.5791971149283478,0.6666666666666666,0.4444444444444444,0.3739354757492625,4.51,1.1268983982595768
140,hunky,0.7178672215240188,0.07852724007184195,0.03513645942676071,0.151595744680851,0.1486191515611654,1.0,0.0,0.935910719346216,4.777777777777778,1.1508060903940296
141,label,0.7155294127316969,0.5883057273997206,0.5288317063206327,0.7480053191489361,0.6661288791876245,0.1666666666666667,0.4444444444444444,0.4196621869470956,4.39,1.1215614116043757
142,glean,0.7131860177720771,0.5681999600878068,0.5523832824049272,0.745345744680851,0.7043750593147953,0.5,0.0,0.3164000929774199,4.08080808080808,1.0605579594672072
143,cling,0.7108370098850376,0.2257034524047096,0.09234206581208589,0.2626329787234043,0.2681977792540571,0.1666666666666667,0.0,0.452166395668984,4.31,1.1108105148944172
144,patty,0.7084823621177071,0.3713829574935145,0.3149844235000257,0.570811170212766,0.432476036822625,0.6666666666666666,0.4444444444444444,0.8392370828032437,4.363636363636363,0.989383498019061
145,unfit,0.7061220473226076,0.2197166234284574,0.1199894764032615,0.3503989361702128,0.2651608617253488,0.6666666666666666,0.0,0.1340477374491362,4.16,1.0170545708072896
146,smear,0.7037560381557791,0.8091698263819597,0.4998493533966192,0.6901595744680852,0.6224731897124418,0.5,0.0,0.1318189267211689,4.39,1.0187737727287642
147,alien,0.7013843070748752,0.6737178207942526,0.337818306675562,0.5277593085106383,0.5403815127645439,0.1666666666666667,0.0,0.3503445919590593,3.484848484848485,1.1491203167186994
148,buggy,0.6990068263372404,0.01352025543803623,0.01224603488790836,0.05801196808510642,0.06472430483059695,0.6666666666666666,0.4444444444444444,1.0,4.82,1.0618851161966627
149,rhyme,0.696623567997965,0.3692376771103573,0.5416144247769863,0.726063829787234,0.6122235930530514,0.6666666666666666,0.0,0.2572611645104086,4.141414141414141,1.0151389516283729
150,youth,0.694234503907915,0.2419676711235283,0.1367431268379589,0.3563829787234044,0.3100502989465692,0.0,0.0,0.4603551807569974,4.376237623762377,1.2092996512466396
151,coyly,0.6918396057117308,0.2373278786669329,0.1379708466820841,0.3118351063829787,0.291828793774319,1.0,0.4444444444444444,0.8361552664718341,5.404040404040404,1.0628643586235074
152,quart,0.6894388448458146,0.3410496906805029,0.573974236432416,0.8877992021276595,0.653791401727247,1.0,0.0,0.7605074347314484,4.29,1.1339753083731585
153,cramp,0.6870321925362853,0.346238275793255,0.3953298497612541,0.5779587765957447,0.5235835626838758,0.6666666666666666,0.0,0.3660942524582873,4.0,1.2060453783110545
154,bluff,0.6846196197969067,0.02554380363200968,0.1122702890717551,0.2860704787234044,0.2865141880990794,0.8333333333333334,0.4444444444444444,0.4644215369551738,4.36,0.943610088966836
155,upset,0.6822010974269929,0.5948413490321294,0.6312211500456183,0.6830119680851064,0.7746037771661765,0.1666666666666667,0.0,0.1555249756798583,3.95,1.0136567466356647
156,stomp,0.6797765960092917,0.4571941728197966,0.4676987472686106,0.6901595744680852,0.6143114738540385,0.3333333333333333,0.0,0.1345407268438107,4.090909090909091,1.1728486351735532
157,motto,0.6773460859078305,0.4098483336659349,0.1226040612814515,0.3203125000000001,0.2820537154787891,0.5,0.4444444444444444,0.5008250598629841,4.545454545454546,0.9349847648813038
158,cinch,0.6749095372657524,0.1644382358810615,0.07969706294683924,0.2433510638297872,0.2174243143209643,1.0,0.4444444444444444,0.6254826904899696,4.910891089108911,1.328283414683243
159,elope,0.6724669200031059,0.6947216124526044,0.5115795880215493,0.6828457446808511,0.6928917149093671,1.0,0.4444444444444444,0.2027092230727532,4.282828282828283,1.128513852802773
160,power,0.6700182038146223,0.4534025144681702,0.59630040200363,0.8457446808510638,0.7031413115687575,0.3333333333333333,0.0,0.6956803560731964,4.292929292929293,1.3200285063689998
161,midge,0.6675633581674603,0.3624526042706046,0.5125578256183155,0.745345744680851,0.5853658536585369,1.0,0.0,0.4964205794860578,4.3232323232323235,1.0133281780997538
162,tryst,0.6651023522989162,0.5117242067451607,0.3585299022054173,0.6738696808510639,0.4572458954161526,1.0,0.4444444444444444,0.1780714389629137,4.06,0.9676776322722355
163,aphid,0.6626351552141184,0.3367591299141889,0.3692993433739983,0.6140292553191489,0.506311094239347,1.0,0.0,0.1787890781480033,4.11,1.1126095451684748
164,trite,0.6601617356836778,0.5956894831370986,0.238240957711865,0.4707446808510639,0.3412736072886022,1.0,0.4444444444444444,0.425330093737784,4.91,1.4006784070585225
165,angry,0.6576820622413222,0.3785172620235482,0.3753970202552541,0.633311170212766,0.5499667837145296,0.0,0.0,0.4298758998907919,4.01010101010101,1.029807763711752
166,flock,0.6551961031814897,0.1610955897026541,0.2306346792863744,0.4634308510638298,0.4323811331498529,0.5,0.0,0.4827027122639887,4.18,1.033247308247159
167,wacky,0.6527038265568993,0.1699261624426261,0.4803863610163563,0.7337101063829787,0.4636044414918857,0.6666666666666666,0.0,0.8653773275080864,4.292929292929293,1.037211931555025
168,roomy,0.650205200176086,0.391937736978647,0.1954525919478468,0.3203125000000001,0.3979310999335675,0.6666666666666666,0.4444444444444444,0.7010927780286637,4.33,1.0005498488331304
169,wedge,0.6477001916009071,0.4605867092396727,0.9373289023147376,0.8457446808510638,0.9498908607763117,0.5,0.4444444444444444,0.4465736674745128,4.6138613861386135,1.01445295241691
170,liver,0.6451887681440133,0.4697166234284572,0.5559220963312612,0.903091755319149,0.5809053810382463,0.1666666666666667,0.0,0.5174579265931417,4.656565656565657,1.2961607345270185
171,bland,0.6426708968662912,0.3574136898822589,0.3305621029712088,0.6359707446808509,0.4409224636993451,0.5,0.0,0.634083093663097,3.806122448979592,0.9546680507103313
172,night,0.6401465445742729,0.2085412093394531,0.1031191426720239,0.2626329787234043,0.2864192844263073,0.0,0.0,0.2943863130813295,4.18,1.402711659607918
173,madam,0.6376156778175048,0.4566952704051086,0.5509717969221457,0.5779587765957447,0.7014330454588591,0.8333333333333334,0.4444444444444444,0.3632991052651953,4.485148514851486,1.039933941029773
174,berth,0.6350782628858936,0.4127419676711238,0.5213202097940343,0.7480053191489361,0.645344974850527,0.5,0.0,0.6335237842562484,4.07,1.0977704678119191
175,stead,0.63253426580701,0.7899620834164839,0.4867522182769769,0.6108710106382979,0.6590111037297143,1.0,0.0,0.2302550962324187,4.336633663366337,1.2608124657213156
176,voice,0.6299836523433582,0.4166832967471563,0.6447216979840718,0.903091755319149,0.7351238492929671,0.1666666666666667,0.0,0.6060990939929514,4.09,1.1053958566956907
177,agape,0.6274263879896141,0.6522151267212134,0.720010024483254,0.745345744680851,0.7929201860111984,1.0,0.4444444444444444,0.1370434371232911,4.435643564356436,1.0937793647240772
178,fluff,0.6248624379698237,0.0,0.1289761388369823,0.2860704787234044,0.2865141880990794,1.0,0.4444444444444444,0.4498595790794844,4.98,0.8942035562443262
179,field,0.6222917672345624,0.4057074436240271,0.5166884739114809,0.8331117021276595,0.5902059409699155,0.3333333333333333,0.0,0.6508812434925795,4.03960396039604,1.116224116741883
180,sever,0.6197143404580637,0.7788365595689483,0.8480398093907953,0.9032579787234043,0.7441396982063205,0.5,0.4444444444444444,0.4785801214519862,4.757575757575758,1.189948722186173
181,lilac,0.617130122035306,0.4633805627619239,0.2494941292397253,0.5694813829787234,0.3525671443484861,0.8333333333333334,0.4444444444444444,0.2809445109594877,4.353535353535354,0.9981106526897475
182,egret,0.6145390760790609,0.658152065455997,0.5855149817541119,0.745345744680851,0.7357881750023725,1.0,0.4444444444444444,0.2272965491290384,4.49,1.0629675441893793
183,pinto,0.6119411664169011,0.3609558970265415,0.09469865123272027,0.3131648936170213,0.2459903198253773,1.0,0.0,0.5723015297248872,4.02,0.999799979995999
184,hutch,0.6093363565881741,0.1059668728796646,0.04576155498930041,0.1663896276595745,0.1570655784378855,1.0,0.4444444444444444,0.4880499700953874,4.838383838383838,1.1866859949657673
185,gawky,0.6067246098409286,0.1507683097186192,0.4959575097986714,0.7337101063829787,0.4636044414918857,1.0,0.0,0.9032919376958564,5.1313131313131315,1.0884746499413491
186,droll,0.6041058891288058,0.4272101376970666,0.06854966126397014,0.2410239361702128,0.2029040523868274,1.0,0.4444444444444444,0.3243918509030133,4.54,1.0992724866929036
187,retro,0.6014801571078832,0.6726202354819399,0.1906124203148871,0.4707446808510639,0.2861345734079909,0.6666666666666666,0.4444444444444444,0.1577515702762916,4.090909090909091,1.083306844346635
188,rusty,0.5988473761334816,0.4726102574336461,0.4030822119989487,0.6738696808510639,0.5316503748695074,0.5,0.0,0.6527670552458197,3.707070707070707,1.037211931555025
189,beady,0.5962075082569288,0.4777988425463979,0.6912606160165392,0.7480053191489361,0.7892189427730849,1.0,0.0,0.7993110590488471,4.267326732673268,1.0038647014365605
190,smite,0.5935605152222719,0.6549091997605273,0.5433763947009294,0.6901595744680852,0.7042801556420233,0.8333333333333334,0.0,0.3319224894306806,4.1683168316831685,1.1351216354824962
191,brink,0.5909063584629561,0.2380762322889642,0.1744283552081405,0.3518949468085107,0.3938502420043656,0.3333333333333333,0.0,0.5876423829256628,4.111111111111111,0.9938079899999065
192,awful,0.5882449990984506,0.2393234883256835,0.5058628638523327,0.7337101063829787,0.6237069374584797,0.8333333333333334,0.0,0.09102667037454398,4.26,1.1280070921762861
193,gloat,0.5855763979308308,0.4743564158850531,0.3121435490109885,0.633311170212766,0.4607573313087217,1.0,0.0,0.4026068933462134,4.19,1.1890752709563845
194,input,0.5829005154413159,0.2648174017162245,0.04986288967711018,0.2001329787234042,0.1793679415393377,1.0,0.0,0.07860517107508369,3.9603960396039604,1.0139696724350185
195,loser,0.5802173117867586,0.801436838954301,0.2785884971351568,0.4582779255319148,0.4900825661953117,0.1666666666666667,0.0,0.4124675580021757,3.9,1.2041594578792296
196,cacao,0.5775267467960804,0.5608162043504292,0.4849003582629136,0.5694813829787234,0.6917528708361012,1.0,0.4444444444444444,0.4502542700600605,4.83,1.039759587597056
197,blown,0.574828779966668,0.2095390141688286,0.2243490899031887,0.476063829787234,0.4280155642023347,1.0,0.0,0.4503254481247245,4.138613861386139,1.0902784000019592
198,apron,0.5721233704607143,0.5152165236479747,0.2773626893178104,0.570811170212766,0.4576255101072412,0.3333333333333333,0.0,0.1704254507490218,3.88,1.0225458424931373
199,primo,0.5694104771015043,0.3552684094991022,0.1680125865991381,0.3203125000000001,0.3764828698870648,1.0,0.0,0.4046418699103811,4.23,1.056929515152264
200,atone,0.5666900583696644,0.7038515266413894,0.3223573105009192,0.5277593085106383,0.5475941918952264,1.0,0.0,0.2044397165224514,3.53,1.1528659939472583
201,donor,0.563962072399339,0.4595390141688285,0.09920780633353901,0.2410239361702128,0.2693366233273227,0.1666666666666667,0.4444444444444444,0.5183304219187528,4.070707070707071,0.9974971228790713
202,float,0.5612264769743336,0.4480143683895433,0.3880302529816286,0.7210771276595744,0.5108664705324096,0.3333333333333333,0.0,0.4989368593182462,3.76,1.149956520917204
203,goose,0.5584832295241879,0.7292456595489922,0.5259933398147729,0.7455119680851064,0.6274081806965931,0.1666666666666667,0.4444444444444444,0.5139057010166763,4.73,1.1300884921102419
204,piety,0.555732287120207,0.4281081620435043,0.4376246270538999,0.6828457446808511,0.540381512764544,0.6666666666666666,0.0,0.7971486941587755,4.06,0.9981983770774223
205,girth,0.5529736064714247,0.2686589503093196,0.1594173433617068,0.3289561170212765,0.3682262503558887,1.0,0.0,0.6029309570779126,4.21,1.1857065404222076
206,trait,0.5502071439205198,0.5620634603871483,0.147906010971433,0.3587101063829787,0.2773085318401822,0.1666666666666667,0.4444444444444444,0.347566954247496,4.18,1.1347246362003425
207,flood,0.5474328554396707,0.3286769107962483,0.2414004205589809,0.4634308510638298,0.4436746702097371,0.1666666666666667,0.4444444444444444,0.5594561174669546,4.21,0.9828021163998376
208,gloom,0.5446506966263484,0.3312213131111557,0.2109956190376036,0.3756648936170213,0.4388345828983581,0.5,0.4444444444444444,0.3047103574019888,4.46,0.9840731680114035
209,depth,0.5418606226990544,0.3472859708640992,0.4904522508248872,0.726063829787234,0.5263357691942677,0.0,0.0,0.3814221712672626,3.95,1.023474474522936
210,froth,0.5390625884929956,0.2762422670125722,0.2594891498998575,0.4634308510638298,0.4828698870646295,1.0,0.0,0.5651467722177148,4.181818181818182,1.0858468404344799
211,peach,0.5362565484556971,0.460387148273798,0.7196317163277338,0.726063829787234,0.7819113599696308,0.1666666666666667,0.0,0.4481513685100698,3.52,1.0047885349664378
212,showy,0.5334424566425522,0.3365595689483138,0.6618671276720492,0.8459109042553191,0.727911170162285,1.0,0.0,0.5978922736129542,4.42,1.031309846748299
213,creak,0.530620266712309,0.5543803632009582,0.6500306141560377,0.7682845744680851,0.8052576634715765,1.0,0.0,0.3667577949011763,4.31,1.1806354221350468
214,manor,0.5277899319224924,0.5130712432648175,0.2824585510772811,0.5779587765957447,0.461706368036443,0.8333333333333334,0.0,0.503382723402376,4.08,1.1373653766490346
215,atoll,0.5249514051247568,0.5605667531430855,0.1605894530243886,0.3587101063829787,0.2967637847584701,1.0,0.4444444444444444,0.1227738939171286,4.0,1.0677078252031311
216,bayou,0.5221046387601753,0.3697365795250449,0.4105088592332983,0.6359707446808509,0.578153174527854,1.0,0.0,0.4052087239521163,4.32,1.1391224692718511
217,crept,0.5192495848544593,0.445669527040511,0.4510706077346075,0.6828457446808511,0.5827085508209167,1.0,0.0,0.4164921397807307,4.040404040404041,1.0142339689746438
218,tiara,0.5163861950131049,0.6964178806625423,0.1936459625412847,0.3587101063829787,0.4071367561924646,1.0,0.4444444444444444,0.3302041970267834,3.801980198019802,1.062593520452149
219,asset,0.5135144204164728,1.0,0.2580171996741359,0.4709109042553192,0.3236215241529847,0.0,0.4444444444444444,0.1212456135989166,3.9797979797979797,1.0915635896726077
220,vouch,0.5106342118147923,0.1098583117142287,0.2279940337315045,0.5334109042553192,0.3666128879187624,1.0,0.0,0.5850955536752644,4.8686868686868685,1.124982286248554
221,album,0.5077455195230952,0.3116144482139294,0.3717952832658358,0.6359707446808509,0.4861915156116541,0.0,0.0,0.1220295992719651,4.09,1.0685972113008717
222,hinge,0.5048482934160748,0.3765216523647975,0.5128805608396676,0.745345744680851,0.6059599506500905,0.6666666666666666,0.0,0.5580561642353671,4.11,1.094486180817282
223,money,0.5019424829228613,0.4427758930353222,0.4732350704696712,0.6899933510638299,0.6089968681787985,0.0,0.0,0.9928641208522627,3.97,1.1176314240392493
224,scrap,0.4990280370217315,0.5800738375573739,0.5749705886205475,0.6830119680851064,0.7565720793394706,0.5,0.0,0.169981108617642,3.900990099009901,1.1475755804186742
225,gamer,0.49610490423472925,0.5587208142087408,0.6351615020112594,0.745345744680851,0.7970010439404004,1.0,0.0,0.6086019669317753,4.52,1.2921300244170475
226,glass,0.493173032622213,0.7533925364198766,0.6246480986104219,0.7455119680851064,0.7287653032172342,0.0,0.4444444444444444,0.5679836335899567,4.37,1.1459057552870566
227,scour,0.49023236977731394,0.5272899620834166,0.4095306092207738,0.6816821808510638,0.5627787795387682,0.5,0.0,0.1731982683167645,3.8,1.0392304845413265
228,being,0.4872828628203203,0.3699361404909199,0.526389849471967,0.7480053191489361,0.6184872354560125,0.0,0.0,0.5441593710040632,4.19,1.0458967444255671
229,delve,0.48432445839296967,0.5295849131909802,0.8588690820986432,0.903091755319149,0.9057606529372685,0.5,0.4444444444444444,0.4085963426523785,4.5353535353535355,1.0474898453077504
230,yield,0.4813571026526546,0.4535521851925763,0.3992168512134632,0.6737034574468085,0.4991933187814369,0.1666666666666667,0.0,0.3586205748843999,4.53,1.187055179846329
231,metal,0.47838074126654745,0.6019257633206946,0.4804304369583353,0.6899933510638299,0.6402201765208311,0.0,0.0,0.3265733500240298,3.8137254901960786,1.1352670253125536
232,tipsy,0.47539531940562757,0.4281580522849731,0.437817120970644,0.6830119680851064,0.540476416437316,1.0,0.0,0.5854085866884438,3.85,1.0037429949942367
233,slung,0.47240078173862166,0.3947814807423669,0.4502721503180823,0.7455119680851064,0.4979595710353991,1.0,0.0,0.300132803039097,4.425742574257426,1.0277971700879984
234,farce,0.469397072425853,0.5349231690281381,0.7158547433256142,0.8331117021276595,0.8422700958527095,0.6666666666666666,0.0,0.6722978287308062,3.979591836734694,1.1426749125852587
235,gecko,0.46638413511299004,0.3516264218718819,0.6195610768708637,0.7682845744680851,0.6945999810192655,1.0,0.0,0.4213030620085146,4.393939393939394,1.023148061583887
236,shine,0.4633619129247055,0.6269706645380166,0.6051870058411795,0.7262300531914894,0.7574262123944198,0.5,0.0,0.4682662499259076,3.6930693069306932,1.1667215152753676
237,canny,0.46033034845823284,0.337557373777689,0.3204524600304147,0.5694813829787234,0.3991648476796053,1.0,0.4444444444444444,0.9452716946351385,4.72,1.0777754868245986
238,midst,0.45728938377682393,0.4449211734184794,0.4107457767332536,0.6901595744680852,0.5085887823858782,0.1666666666666667,0.0,0.3741544673952378,4.138613861386139,1.0150325846625192
239,badge,0.4542389604031058,0.4562961484733588,0.7410052952588376,0.7480053191489361,0.830122425737876,0.3333333333333333,0.0,0.6383680630897949,4.282828282828283,1.1013343976112333
240,homer,0.45117901931233495,0.4871782079425263,0.4967076202523613,0.726063829787234,0.6388915251020213,0.3333333333333333,0.0,0.5981574611591921,4.76,1.3350655414622907
241,train,0.44810950092554247,0.5449511075633607,0.1679384893535803,0.4157247340425532,0.3098604916010249,0.0,0.0,0.3208187343390426,3.1313131313131315,1.177623567013307
242,hairy,0.44503034510257433,0.424516064657753,0.3577626704210262,0.6140292553191489,0.5389579576729618,0.5,0.0,0.7387019213629603,4.03,1.1700854669638452
243,story,0.44194149113502007,0.5687487527439635,0.3482696561163966,0.6738696808510639,0.4839138274651229,0.0,0.0,0.4755818205551224,4.06,1.2555476892575606
244,forgo,0.43884287773903474,0.327479545000998,0.3267884573923144,0.4634308510638298,0.5205466451551675,0.6666666666666666,0.4444444444444444,0.6777067907211884,4.818181818181818,1.018650685695249
245,larva,0.4357344430480377,0.5473458391538617,0.5907008701770441,0.7910571808510638,0.6907089304356074,0.5,0.4444444444444444,0.3741780312058082,4.797979797979798,1.0915635896726077
246,trash,0.43261612460530596,0.428557174216723,0.6077323491992858,0.7262300531914894,0.6609091771851572,1.0,0.0,0.2387740634905766,3.46,1.1697863052711808
247,zesty,0.42948785935644257,0.4939632807822792,0.9539307080253785,0.9464760638297872,0.9664990035114358,1.0,0.0,0.5632870689219422,4.79,1.1772425408555367
248,shown,0.42634958364172587,0.3803632009578929,0.6199308429846712,0.8459109042553191,0.727911170162285,1.0,0.0,0.30647830217412,4.03030303030303,1.067940011315521
249,heist,0.4232012331883358,0.6440830173618041,0.5781533806775166,0.7262300531914894,0.7248742526335767,1.0,0.0,0.3249742488683198,3.7,1.1532562594670794
250,askew,0.42004274310245926,0.6301137497505489,1.0,0.8459109042553191,0.9630824712916389,1.0,0.0,0.08331551661528801,4.63,1.1371455491712572
251,inert,0.4168740478612592,0.578577130313311,0.2611437359302298,0.5277593085106383,0.3738255670494449,0.6666666666666666,0.0,0.05606617447199914,4.02,1.1043550153822819
252,olive,0.4136950813047217,0.4837357812811815,0.5653593762968646,0.903091755319149,0.6075733130872162,0.3333333333333333,0.0,0.25947871736321,4.06,1.1385956261992225
253,plant,0.41050577662736965,0.4189782478547198,0.2645692188147655,0.570811170212766,0.3563632912593718,0.0,0.0,0.4726039451950885,3.3366336633663365,1.0462306479776664
254,oxide,0.4073060663698335,0.4176811015765318,0.6872169897733258,0.9705784574468085,0.7332257758375248,0.5,0.0,0.2320040015026034,4.712871287128713,1.0930621322766403
255,cargo,0.4040958824102936,0.4503093194971065,0.397016282211676,0.633311170212766,0.5810951883837902,0.1666666666666667,0.0,0.5629102944109486,4.27,1.1212047092302102
256,foyer,0.40087515595577633,0.4599381361005787,0.578473881062374,0.8331117021276595,0.690708930435608,0.5,0.0,0.6649197982675457,5.303030303030303,1.4031317457927543
257,flair,0.39764381753330974,0.4570943923368589,0.3730770116585831,0.7210771276595744,0.4769858593527568,0.5,0.0,0.4850427055971742,3.84,1.09288608738514
258,ample,0.3944017969809324,0.5382658152065459,0.5971738754318276,0.6899933510638299,0.7613172629780772,0.3333333333333333,0.0,0.1659902314725653,4.2727272727272725,1.0900670150669665
259,cheek,0.3911490234385487,0.4683695869088005,0.8912337607313278,0.7682845744680851,0.8946569232229288,0.0,0.4444444444444444,0.5322241937900443,4.24,0.9911609354691095
260,shame,0.3878854253386412,0.6895330273398526,0.7814125048165379,0.7262300531914894,0.850052197020025,0.5,0.0,0.3792391964191556,4.19,1.4049555153100042
261,mince,0.3846109303968184,0.4065056874875275,0.4543733236010341,0.6899933510638299,0.5489228433140363,0.3333333333333333,0.0,0.569884794901071,4.11,1.094486180817282
262,chunk,0.38132546560220887,0.07618239872280971,0.03544281826291,0.151595744680851,0.1486191515611654,0.1666666666666667,0.0,0.5653400162615345,3.91,1.000949549178179
263,royal,0.37802895720769664,0.5388644981041709,0.250112533329327,0.5616688829787234,0.4126411692132485,0.1666666666666667,0.0,0.2901432046899848,4.070707070707071,1.103278175427325
264,squad,0.37472133071998454,0.4240670524845339,0.9163323154687743,1.0,0.8971244187150044,0.1666666666666667,0.0,0.3569299067909028,4.353535353535354,1.1038329118281336
265,black,0.3714025108894975,0.2639692676112554,0.4305323113591585,0.65625,0.5308911454873303,0.8333333333333334,0.0,0.4859588891474548,3.792079207920792,1.1197315067423312
266,stair,0.3680724217001048,0.7300937936539615,0.261562643615404,0.4709109042553192,0.4711967353136566,0.0,0.0,0.2010574622661971,3.386138613861386,1.1601493334203585
267,scare,0.3647309863586809,0.8117142286968674,0.490057491789614,0.6816821808510638,0.6176331024010632,0.5,0.0,0.2140044308872778,4.09,1.371823603820841
268,foray,0.3613781272844712,0.4263121133506288,0.4653690047174293,0.7210771276595744,0.6267438549871879,0.5,0.0,0.9779677022911706,4.623762376237623,1.1156091897824374
269,comma,0.3580137660982918,0.3581121532628216,0.4168396171451937,0.5779587765957447,0.5543323526620481,1.0,0.4444444444444444,0.5868057751073977,4.584158415841584,1.0648973987919803
270,natal,0.354637823611529,0.6169926162442626,0.2846747018557397,0.4157247340425532,0.4836291164468065,1.0,0.4444444444444444,0.2568519823202726,4.57,1.0793979803575695
271,shawl,0.35125021981496146,0.4785970864098984,0.7677527744408698,0.8459109042553191,0.8750118629590965,0.5,0.0,0.2702226544346337,4.494949494949495,1.1225308470147912
272,fewer,0.34785087386737695,0.5192576332069446,0.9636350137048237,0.8457446808510638,1.0,0.0,0.4444444444444444,0.6195002345100205,4.88,1.1426285485668561
273,trope,0.34443970408400093,0.5659548992217124,0.3551907460883686,0.6828457446808511,0.4890386257948183,0.8333333333333334,0.0,0.3463041589237816,3.62,1.1813551540497886
274,snout,0.34101662792471615,0.530433047295949,0.3375905395894765,0.6012300531914895,0.4749928822245421,0.6666666666666666,0.0,0.2311388453413306,4.47,1.284172885557081
275,lowly,0.33758156198208256,0.2527439632807824,0.2089094736643452,0.476063829787234,0.3855936224731898,0.6666666666666666,0.4444444444444444,0.754753083763055,4.900990099009901,1.156171134811485
276,stove,0.33413442196913734,0.6248752743963282,0.7749520891406745,0.9032579787234043,0.825946664135902,0.1666666666666667,0.0,0.2497355051840428,4.616161616161616,1.284775425151079
277,shall,0.3306751227069903,0.5949411295150667,0.5083000275443597,0.7262300531914894,0.6536964980544744,0.0,0.4444444444444444,0.3388993159497701,4.515151515151516,1.1665682760557672
278,found,0.32720357811219297,0.2116344043105168,0.1700095868277743,0.4634308510638298,0.3026478124703426,0.0,0.0,0.8305107797567874,4.712871287128713,1.5046899201198314
279,nymph,0.32371970118388355,0.07747954500099777,0.01966118513006842,0.109375,0.0624466166840657,0.8333333333333334,0.0,0.2056657783073504,4.634920634920635,1.2446914234993869
280,epoxy,0.32022340399070826,0.3120135701456793,0.7570789718585041,0.9705784574468085,0.7744139698206319,1.0,0.0,0.2941651948979274,4.61,1.0760576192751017
281,depot,0.31671459765750043,0.4809419277589306,0.4227644542551006,0.6828457446808511,0.5689475182689573,0.5,0.0,0.3131842416407073,3.979591836734694,1.0398154451311834
282,chest,0.31319319235172705,0.5577230093793656,0.7244902136199498,0.7262300531914894,0.8452121097086458,0.0,0.0,0.3868716794229679,3.613861386138614,1.1254948045387072
283,purge,0.30965909726968865,0.387397725004989,0.5209192801268839,0.745345744680851,0.6191515611654169,0.8333333333333334,0.0,0.6974782003290945,4.207920792079208,1.13727859717287
284,slosh,0.30611222062246857,0.6818499301536624,0.5556661951368591,0.7262300531914894,0.7177564771756666,0.8333333333333334,0.4444444444444444,0.2297062926454572,4.363636363636363,1.0584393452468472
285,their,0.3025524696216323,0.5190580722410696,0.3863051330283318,0.726063829787234,0.4870456486666035,0.0,0.0,0.3157634840617913,3.505050505050505,1.0765989975332708
286,renew,0.2989797504646553,0.610906006785073,0.7267537429320968,0.8457446808510638,0.8256619531175854,0.1666666666666667,0.4444444444444444,0.346421564700214,4.313131313131313,1.1159673490613438
287,allow,0.29539396832009923,0.4480143683895433,0.3986740342604158,0.7337101063829787,0.5108664705324096,0.0,0.4444444444444444,0.1303148626611759,4.316831683168317,1.1767608930416649
288,saute,0.29179502731250495,0.7928557174216727,0.4776211729899398,0.6012300531914895,0.6535066907089304,1.0,0.0,0.5067893007427374,3.84,1.1019981851164729
289,movie,0.2881828305070092,0.4141388944322489,0.6494998529043033,0.903091755319149,0.7399639366043466,0.0,0.0,0.6708973335580123,4.363636363636363,1.2346393204523247
290,cater,0.2845572798936832,0.6436838954300539,0.4448122833566572,0.6815159574468085,0.6353800892094524,0.3333333333333333,0.0,0.604956409649709,4.633663366336633,1.546140338418126
291,tease,0.2809182763715715,0.9999501097585315,0.2579670151790714,0.4709109042553192,0.3235266204802126,0.1666666666666667,0.4444444444444444,0.26251609912713,3.6470588235294117,1.1769606822320722
292,smelt,0.27726571973244185,0.6356016763121136,0.5642200442361051,0.6901595744680852,0.7042801556420233,1.0,0.0,0.2024584373155251,4.31,1.1286717857729944
293,focus,0.2735995086442258,0.3755238475354219,0.6019623230156932,0.8332779255319149,0.6952643067286707,0.0,0.0,0.881835067451401,4.1313131313131315,1.0977153928805785
294,today,0.26991954063414964,0.4500598682897625,0.3077278597386817,0.5616688829787234,0.4997627408180697,0.0,0.0,0.7058009732236364,3.91,1.1053958566956907
295,watch,0.2662257120715511,0.2435142686090601,0.4647428159473708,0.7337101063829787,0.5553762930625415,0.0,0.0,0.5041882241967802,4.96,1.5742934923323542
296,lapse,0.26251791815036724,0.7721013769706647,0.5528310691439164,0.6830119680851064,0.6929866185821391,0.6666666666666666,0.0,0.2828344101946232,3.89,1.0853110153315502
297,month,0.25879605287129126,0.2590800239473157,0.1385244405133395,0.3563829787234044,0.3193508588782386,0.0,0.0,0.6714644250251783,4.02,1.0860939185908371
298,sweet,0.2550600090235887,0.7530433047295952,0.8249868998230191,0.8459109042553191,0.7932048970295149,0.5,0.4444444444444444,0.3211187668431232,4.33,1.1920989891783316
299,hoard,0.25130967816657107,0.477349830373179,0.3438491743613844,0.6140292553191489,0.5296573977412925,0.8333333333333334,0.0,0.5625528929235233,3.8514851485148514,1.1291470417348846
300,cloth,0.2475449506107027,0.2825284374376373,0.1415771650863165,0.3563829787234044,0.321723450697542,0.1666666666666667,0.0,0.4995912638340494,3.8217821782178216,1.1115597782721731
301,brine,0.24376571539835784,0.4953602075434046,0.4202961270097309,0.7480053191489361,0.5321248932333682,0.8333333333333334,0.0,0.6243281817062064,4.089108910891089,1.2827801637593472
302,ahead,0.2399718602841942,0.679654759529036,0.6383447534512857,0.726063829787234,0.7407231659865237,0.0,0.4444444444444444,0.3122240037196772,4.227722772277228,1.1593886073904511
303,mourn,0.23616327171514928,0.3396028736779088,0.1324442201882589,0.3203125000000001,0.3297902628831737,0.3333333333333333,0.0,0.5470318107207235,3.9,1.1357816691600546
304,nasty,0.23233983481004755,0.5859608860506887,0.4948880908729215,0.6738696808510639,0.6635664800227769,0.1666666666666667,0.0,0.5643594675863387,4.0606060606060606,1.212878551284212
305,rupee,0.2285014333388103,0.6377968469367393,0.599498105386322,0.6828457446808511,0.7745088734934039,1.0,0.4444444444444444,0.5084416623076726,4.38,1.0934349546269315
306,choke,0.22464794970125174,0.3574136898822589,0.6082869723745029,0.7682845744680851,0.6835911549776978,0.8333333333333334,0.0,0.6185570147247019,3.84,1.09288608738514
307,chant,0.2207792649054597,0.3389543005388144,0.3439197207000672,0.6140292553191489,0.4616114643636708,0.5,0.0,0.5583704658800308,3.79,1.1251222155837117
308,spill,0.2168952585457503,0.4966573538215927,0.3574577518128402,0.6830119680851064,0.4173863528518553,0.5,0.4444444444444444,0.2591568319731944,4.09,1.1584040745784694
309,vivid,0.21299580878018107,0.1062662143284771,0.2859854458756433,0.4203789893617021,0.5214956818828888,0.1666666666666667,0.4444444444444444,0.6712268388528946,4.7,1.1445523142259595
310,bloke,0.20908079230761795,0.4178806625424069,0.5638327967346057,0.7682845744680851,0.6961184397836192,1.0,0.0,0.619507581802278,4.191919191919192,1.1949114981535447
311,trove,0.20515008434433915,0.4998503292755937,0.5711249937222821,0.903091755319149,0.6147859922178991,0.8333333333333334,0.0,0.3578569989253635,4.633663366336633,1.3695614118889312
312,thorn,0.2012035586001719,0.3678906405907006,0.133704419656107,0.3563829787234044,0.3085318401822151,0.5,0.0,0.3470266703799985,3.505050505050505,1.038391699062335
313,other,0.19724108725414408,0.5529834364398324,0.3906869024489523,0.726063829787234,0.5137135807155737,0.0,0.0,0.07164309281461496,4.0,1.2309149097933274
314,tacit,0.19326254092964557,0.4557972460586708,0.2528420136348615,0.5694813829787234,0.3597798234791685,0.6666666666666666,0.4444444444444444,0.4378681130550895,4.306930693069307,1.2001862417968845
315,swill,0.18926778866908248,0.4477649171821993,0.4918714961566087,0.8459109042553191,0.5103919521685487,1.0,0.4444444444444444,0.2867970320142393,5.08,1.2056533498481226
316,dodge,0.18525669790800622,0.4201756136499701,0.5059056361396899,0.745345744680851,0.6046312992312799,0.3333333333333333,0.4444444444444444,0.5179486590267846,4.6138613861386135,1.2740385389021711
317,shake,0.18122913444872438,0.6660347236080624,0.8639252755103326,0.7684507978723405,0.8947518268957008,0.3333333333333333,0.0,0.46435465485945,4.62,1.412657070912824
318,caulk,0.17718496243335835,0.3080722410696469,0.379880238836976,0.65625,0.4929296763784758,1.0,0.0,0.5844811911070883,4.34,1.2101239605924679
319,aroma,0.1731240443163409,0.6645380163639992,0.3322526450376292,0.5779587765957447,0.49444813514283,0.3333333333333333,0.4444444444444444,0.1882830600799298,4.1,1.1874342087037917
320,cynic,0.16904624083635378,0.1801536619437239,0.06758089689078989,0.1988031914893617,0.1919901300180317,0.8333333333333334,0.4444444444444444,0.3955722917029988,4.1,1.1874342087037917
321,robin,0.16495141098766586,0.384404310516863,0.1522877803920536,0.3783244680851064,0.3210591249881371,1.0,0.0,0.4180595407551631,3.96,1.1128342194594842
322,ultra,0.16083941199087828,0.5036419876272201,0.2104145739647383,0.489029255319149,0.351713011293537,0.6666666666666666,0.0,0.1011764038565362,4.07,1.1511298797268708
323,ulcer,0.1567100992630536,0.4740071841947715,0.405905158132995,0.6815159574468085,0.5360159438170258,0.5,0.0,0.2514461783238608,4.4,1.208304597359457
324,pause,0.15256332638721012,0.7291957693075234,0.6549938880325806,0.6830119680851064,0.7746037771661765,0.1666666666666667,0.0,0.5038830799673434,4.02,1.2081390648431163
325,humor,0.14839894508116974,0.2800838156056673,0.1866561389313421,0.3563829787234044,0.4011578248078201,0.1666666666666667,0.0,0.4734688448332987,4.18,1.1608617488745159
326,frame,0.14421680516574473,0.5323787667132307,0.7221335909520405,0.8331117021276595,0.8471101831640881,0.1666666666666667,0.0,0.5207391703237647,4.242424242424242,1.356547229430266
327,elder,0.1400167545322356,0.7023548193973264,0.4527310291713826,0.6107047872340425,0.6517035209262599,0.5,0.4444444444444444,0.2096705984429973,4.71,1.243342269851709
328,skill,0.13579863910924164,0.4710137697066457,0.4220086449683493,0.7684507978723405,0.4661668406567332,0.0,0.4444444444444444,0.2257751798602338,4.42,1.176265276202609
329,aloft,0.13156230282874057,0.4480143683895433,0.3880302529816286,0.7210771276595744,0.5108664705324096,0.6666666666666666,0.0,0.2493678587025913,4.198019801980198,1.1346897511174807
330,pleat,0.12730758759144625,0.6040710437038518,0.4743837391806751,0.6828457446808511,0.6361393185916298,1.0,0.0,0.3673231489710768,3.92,1.222129289396175
331,shard,0.12303433323139984,0.5883556176411894,0.5605677875261481,0.7262300531914894,0.7408180696592958,0.5,0.0,0.4290724039940687,4.257425742574258,1.2947224584774277
332,moist,0.11874237747979517,0.5439533027339852,0.3636732914876752,0.6901595744680852,0.4932143873967923,0.3333333333333333,0.0,0.5207346011155117,3.6633663366336635,1.2289996553808238
333,those,0.11443155592800378,0.678008381560567,0.561377704687588,0.7262300531914894,0.7248742526335767,0.0,0.0,0.3166836985660187,3.67,1.1493911431710269
334,light,0.11010170198978546,0.2294452205148673,0.114517168852016,0.2626329787234043,0.2936319635569896,0.1666666666666667,0.0,0.3341337102272909,4.101010101010101,1.3669619008157499
335,wrung,0.10575264686265999,0.1534124925164637,0.1736813114467518,0.4293550531914894,0.3600645344974851,1.0,0.0,0.4182319302499337,4.35,1.0331989159885913
336,could,0.10138421948842088,0.2780383157054482,0.1076090161001966,0.3118351063829787,0.2558603017936795,0.0,0.0,0.7522935728013003,3.9306930693069306,1.1192060989523616
337,perky,0.09699624651276327,0.3587108361604473,0.5644975364341978,0.7682845744680851,0.6322482680079716,1.0,0.0,0.858394834014588,4.45,1.2359207094308275
338,mount,0.09258855224400335,0.2965974855318301,0.1000481048555485,0.3203125000000001,0.2479832969535921,0.3333333333333333,0.0,0.6349435743476002,3.8585858585858586,1.1371602146309088
339,whack,0.08816095861087182,0.1542107363799641,0.4917007794799298,0.7337101063829787,0.4591439688715953,0.8333333333333334,0.0,0.4479960845779926,4.17,1.1229870880824944
340,sugar,0.0837132851193449,0.5854619836360008,0.5723711757990051,0.7455119680851064,0.7463224826800795,0.0,0.0,0.435190120617274,4.040404040404041,1.1274283951747452
341,knoll,0.07924534880849005,0.3197964478148075,0.1329606660706688,0.3986037234042553,0.2580430862674385,1.0,0.4444444444444444,0.2341394941499977,4.71,1.1251222155837117
342,crimp,0.07475696420531108,0.2349830373179005,0.1374795054629646,0.2736037234042553,0.311948372402012,1.0,0.0,0.413795363829102,3.96,1.0669582934679311
343,wince,0.07024794327854522,0.3597585312312912,0.5633681990588729,0.8457446808510638,0.6378475847015281,0.3333333333333333,0.0,0.6003369795589123,4.415841584158416,1.1626814921259148
344,prick,0.06571809539139582,0.2114847335861107,0.1667127684465421,0.3518949468085107,0.3566480022776881,1.0,0.0,0.4591576985854449,3.8686868686868685,1.124982286248554
345,robot,0.06116722725317099,0.4354420275394136,0.1702323007002301,0.3783244680851064,0.3151750972762646,0.1666666666666667,0.4444444444444444,0.3947653325957059,3.910891089108911,1.1353806872455163
346,point,0.056595142869795195,0.3609558970265415,0.09469865123272027,0.3131648936170213,0.2459903198253773,0.0,0.0,0.692730602921327,3.505050505050505,1.1134960629915691
347,proxy,0.05200164349315616,0.187038515266414,0.3583891695850422,0.6008976063829787,0.5366802695264308,0.5,0.0,0.6141750182767836,4.821782178217822,1.2137499343146099
348,shire,0.04738652756926373,0.6870884055078827,0.5360073938323848,0.7262300531914894,0.6809338521400776,1.0,0.0,0.4071027062074842,3.891089108910891,1.176510952674293
349,solar,0.04274959068518838,0.7678108162043505,0.2227640941981098,0.4582779255319148,0.4261174907468918,0.0,0.0,0.4548356251822223,3.82,1.1347246362003427
350,panic,0.038090625514727104,0.3750249451207343,0.3287104167777616,0.570811170212766,0.4808769099364145,0.3333333333333333,0.0,0.5376414983732699,3.732673267326733,1.0798889666879985
351,tangy,0.03340942176278541,0.3355118738774697,0.3513487641757694,0.633311170212766,0.4681598177849483,0.8333333333333334,0.0,0.8043627553235414,4.37,1.2700787377166818
352,abbey,0.02870576610841531,0.4365895030931952,0.775262731413439,0.7480053191489361,0.8316408845022298,1.0,0.4444444444444444,0.4911923379342392,4.606060606060606,1.1531089448751788
353,favor,0.023979442146487426,0.357463580123728,0.6394821362379914,0.7910571808510638,0.7577109234127358,1.0,0.0,0.636725026649462,4.57,1.2510395677195825
354,drink,0.019230230327948634,0.2792855717421672,0.1312325415038624,0.3518949468085107,0.315459808294581,0.0,0.0,0.4057672051063836,3.732673267326733,1.0798889666879985
355,query,0.014457907898623236,0.3137597285970867,0.7423720715959669,0.9998337765957447,0.7592293821770901,0.8333333333333334,0.0,0.9770203867937128,4.43,1.1769027147559818
356,gorge,0.009662248836522913,0.4647774895230493,0.5516747895730721,0.745345744680851,0.6815032741767102,0.6666666666666666,0.4444444444444444,0.6730201066465252,4.64,1.2126005112979295
357,crank,0.00484302378761497,0.3692875673518259,0.3943378803358039,0.65625,0.5675239631773749,0.5,0.0,0.4720385911251881,4.22,1.2048236385463227
358,slump,0.0,0.3648473358611056,0.469168437826321,0.6901595744680852,0.5130492550061688,0.5,0.0,0.2495469853695211,4.13,1.055035544424926
